mca_preliminary_rank,mca_preliminary_priority_score,company_name,latest_financial_year,total_wash_spend_crore,total_water_spend_crore,total_sanitation_spend_crore,water_active_years,sanitation_active_years,active_years,wash_record_count,financial_years,states,csr_sectors,wash_focus_evidence,source,source_retrieved_date
1,100.0,INDIAN OIL CORPORATION LIMITED,FY2024-25,258.82352944,99.458378301,159.365151139,7.0,7.0,14.0,252,"FY2018-19, FY2019-20, FY2020-21, FY2021-22, FY2022-23, FY2023-24, FY2024-25","Andhra Pradesh, Arunachal Pradesh, Assam, Bihar, Chhattisgarh, Delhi, Gujarat, Haryana, Himachal Pradesh, Jammu And Kashmir, Jharkhand, Karnataka, Kerala, Madhya Pradesh, Maharashtra, Odisha, Pan India, Punjab, Rajasthan, Sikkim, Tamil Nadu, Telangana, Tripura, Uttar Pradesh, Uttarakhand, West Bengal","safe_drinking_water, sanitation",MCA records show CSR activity in water/sanitation sectors,MCA CSR Data Export,2026-09-04
2,99.96,CENTRAL COALFIELDS LIMITED,FY2024-25,208.05112704,30.177458054,177.873668986,6.0,8.0,14.0,210,"FY2017-18, FY2018-19, FY2019-20, FY2020-21, FY2021-22, FY2022-23, FY2023-24, FY2024-25",Jharkhand,"safe_drinking_water, sanitation",MCA records show CSR activity in water/sanitation sectors,MCA CSR Data Export,2026-09-04
3,99.96,GAIL (INDIA) LIMITED,FY2024-25,137.83501479,55.633826106,82.201188684,6.0,8.0,14.0,145,"FY2016-17, FY2017-18, FY2018-19, FY2020-21, FY2021-22, FY2022-23, FY2023-24, FY2024-25","Andhra Pradesh, Assam, Bihar, Chandigarh, Chhattisgarh, Delhi, Gujarat, Himachal Pradesh, Jharkhand, Karnataka, Kerala, Madhya Pradesh, Maharashtra, Odisha, Pan India, Puducherry, Rajasthan, Tamil Nadu, Telangana, Tripura, Uttar Pradesh, Uttarakhand, West Bengal","safe_drinking_water, sanitation",MCA records show CSR activity in water/sanitation sectors,MCA CSR Data Export,2026-09-04
4,99.93,TATA STEEL LIMITED,FY2024-25,92.204949416,88.909293365,3.295656051,8.0,5.0,13.0,79,"FY2017-18, FY2018-19, FY2019-20, FY2020-21, FY2021-22, FY2022-23, FY2023-24, FY2024-25","Jharkhand, Maharashtra, Odisha, Pan India, West Bengal","safe_drinking_water, sanitation",MCA records show CSR activity in water/sanitation sectors,MCA CSR Data Export,2026-09-04
5,99.88,POWER GRID CORPORATION OF INDIA LIMITED,FY2024-25,222.755022336,12.600568859,210.154453477,5.0,6.0,11.0,281,"FY2017-18, FY2018-19, FY2021-22, FY2022-23, FY2023-24, FY2024-25","Andhra Pradesh, Arunachal Pradesh, Assam, Bihar, Chhattisgarh, Delhi, Gujarat, Haryana, Himachal Pradesh, Jammu And Kashmir, Jharkhand, Karnataka, Kerala, Ladakh, Madhya Pradesh, Maharashtra, Manipur, Meghalaya, Mizoram, Odisha, Pan India, Punjab, Rajasthan, Sikkim, Tamil Nadu, Telangana, Uttar Pradesh, Uttarakhand, West Bengal","safe_drinking_water, sanitation",MCA records show CSR activity in water/sanitation sectors,MCA CSR Data Export,2026-09-04
6,99.85,HINDUSTAN ZINC LIMITED,FY2024-25,52.0064905,50.7122059,1.2942846,4.0,1.0,5.0,8,"FY2021-22, FY2022-23, FY2023-24, FY2024-25",Rajasthan,"safe_drinking_water, sanitation",MCA records show CSR activity in water/sanitation sectors,MCA CSR Data Export,2026-09-04
7,99.83,REC LIMITED,FY2024-25,158.46956459999998,10.1847863,148.2847783,6.0,6.0,12.0,33,"FY2017-18, FY2018-19, FY2019-20, FY2021-22, FY2022-23, FY2023-24, FY2024-25","Andhra Pradesh, Bihar, Delhi, Haryana, Maharashtra, Pan India, Punjab, Rajasthan, Uttar Pradesh","safe_drinking_water, sanitation",MCA records show CSR activity in water/sanitation sectors,MCA CSR Data Export,2026-09-04
8,99.82,NESTLE INDIA LIMITED,FY2024-25,53.2174952,26.7368053,26.4806899,7.0,6.0,13.0,20,"FY2017-18, FY2018-19, FY2019-20, FY2020-21, FY2021-22, FY2023-24, FY2024-25","Haryana, Jharkhand, Nec/Not Mentioned, Pan India, Punjab, West Bengal","safe_drinking_water, sanitation",MCA records show CSR activity in water/sanitation sectors,MCA CSR Data Export,2026-09-04
9,99.8,NATIONAL ALUMINIUM CO LTD,FY2024-25,56.4111155,18.8510609,37.5600546,8.0,8.0,16.0,53,"FY2016-17, FY2017-18, FY2018-19, FY2019-20, FY2021-22, FY2022-23, FY2023-24, FY2024-25","Andhra Pradesh, Odisha, Pan India","safe_drinking_water, sanitation",MCA records show CSR activity in water/sanitation sectors,MCA CSR Data Export,2026-09-04
10,99.8,NORTHERN COALFIELDS LIMITED,FY2024-25,54.9524,21.1894,33.763,8.0,8.0,16.0,210,"FY2017-18, FY2018-19, FY2019-20, FY2020-21, FY2021-22, FY2022-23, FY2023-24, FY2024-25","Delhi, Madhya Pradesh, Maharashtra, Uttar Pradesh","safe_drinking_water, sanitation",MCA records show CSR activity in water/sanitation sectors,MCA CSR Data Export,2026-09-04
11,99.79,DIVI'S LABORATORIES LIMITED,FY2024-25,38.7473758,38.022754,0.7246218,8.0,3.0,11.0,22,"FY2017-18, FY2018-19, FY2019-20, FY2020-21, FY2021-22, FY2022-23, FY2023-24, FY2024-25","Andhra Pradesh, Pan India, Telangana","safe_drinking_water, sanitation",MCA records show CSR activity in water/sanitation sectors,MCA CSR Data Export,2026-09-04
12,99.77,NLC INDIA LIMITED,FY2024-25,49.107992109,17.674172109,31.43382,5.0,5.0,10.0,100,"FY2018-19, FY2020-21, FY2021-22, FY2022-23, FY2023-24, FY2024-25","Odisha, Rajasthan, Tamil Nadu","safe_drinking_water, sanitation",MCA records show CSR activity in water/sanitation sectors,MCA CSR Data Export,2026-09-04
13,99.73,ICICI BANK LIMITED,FY2024-25,47.652288835,14.556654675,33.09563416,5.0,5.0,10.0,15,"FY2020-21, FY2021-22, FY2022-23, FY2023-24, FY2024-25","Chhattisgarh, Madhya Pradesh, Pan India","safe_drinking_water, sanitation",MCA records show CSR activity in water/sanitation sectors,MCA CSR Data Export,2026-09-04
14,99.67,ORACLE FINANCIAL SERVICES SOFTWARE LIMITED,FY2024-25,40.8193528,10.0,30.8193528,1.0,4.0,5.0,13,"FY2021-22, FY2022-23, FY2023-24, FY2024-25","Karnataka, Maharashtra, Pan India, Uttar Pradesh","safe_drinking_water, sanitation",MCA records show CSR activity in water/sanitation sectors,MCA CSR Data Export,2026-09-04
15,99.66,SOUTH EASTERN COALFIELDS LIMITED,FY2024-25,93.0932,6.0504,87.0428,7.0,5.0,12.0,68,"FY2017-18, FY2018-19, FY2019-20, FY2020-21, FY2021-22, FY2022-23, FY2024-25","Chhattisgarh, Madhya Pradesh, Pan India","safe_drinking_water, sanitation",MCA records show CSR activity in water/sanitation sectors,MCA CSR Data Export,2026-09-04
16,99.65,BHARAT PETROLEUM CORPORATION LIMITED,FY2024-25,35.294701452,12.231538104,23.063163348,5.0,4.0,9.0,97,"FY2018-19, FY2019-20, FY2020-21, FY2021-22, FY2022-23, FY2024-25","Arunachal Pradesh, Assam, Bihar, Delhi, Gujarat, Jammu And Kashmir, Jharkhand, Karnataka, Kerala, Madhya Pradesh, Maharashtra, Odisha, Pan India, Punjab, Rajasthan, Tamil Nadu, Telangana, Uttar Pradesh, West Bengal","safe_drinking_water, sanitation",MCA records show CSR activity in water/sanitation sectors,MCA CSR Data Export,2026-09-04
17,99.58,MANGALORE REFINERY AND PETROCHEMICALS LIMITED,FY2024-25,32.74074948,8.232285085,24.508464395,6.0,5.0,11.0,156,"FY2018-19, FY2019-20, FY2021-22, FY2022-23, FY2023-24, FY2024-25","Karnataka, Kerala","safe_drinking_water, sanitation",MCA records show CSR activity in water/sanitation sectors,MCA CSR Data Export,2026-09-04
18,99.53,NEYVELI UTTAR PRADESH POWER LIMITED,FY2024-25,25.3377,8.8447,16.493000000000002,8.0,6.0,14.0,29,"FY2017-18, FY2018-19, FY2019-20, FY2020-21, FY2021-22, FY2022-23, FY2023-24, FY2024-25","Jharkhand, Pan India, Uttar Pradesh","safe_drinking_water, sanitation",MCA records show CSR activity in water/sanitation sectors,MCA CSR Data Export,2026-09-04
19,99.49,JSW ENERGY LIMITED,FY2024-25,17.850792900000002,16.718796,1.1319969,8.0,3.0,11.0,11,"FY2017-18, FY2018-19, FY2019-20, FY2020-21, FY2021-22, FY2022-23, FY2023-24, FY2024-25","Himachal Pradesh, Karnataka, Maharashtra, Pan India","safe_drinking_water, sanitation",MCA records show CSR activity in water/sanitation sectors,MCA CSR Data Export,2026-09-04
20,99.49,DHARAMPAL SATYAPAL LIMITED,FY2024-25,17.8190056,17.4378,0.3812056,2.0,6.0,8.0,15,"FY2016-17, FY2019-20, FY2020-21, FY2021-22, FY2022-23, FY2023-24, FY2024-25","Delhi, Gujarat, Rajasthan, Uttar Pradesh, Uttarakhand","safe_drinking_water, sanitation",MCA records show CSR activity in water/sanitation sectors,MCA CSR Data Export,2026-09-04
21,99.46,JSW STEEL LIMITED,FY2024-25,24.2869764,6.4699185,17.817057900000002,1.0,4.0,5.0,5,"FY2020-21, FY2021-22, FY2022-23, FY2023-24, FY2024-25","Pan India, Tamil Nadu","safe_drinking_water, sanitation",MCA records show CSR activity in water/sanitation sectors,MCA CSR Data Export,2026-09-04
22,99.46,NUMALIGARH REFINERY LTD,FY2024-25,23.058315535,7.430565504,15.627750031,8.0,6.0,14.0,60,"FY2017-18, FY2018-19, FY2019-20, FY2020-21, FY2021-22, FY2022-23, FY2023-24, FY2024-25","Assam, Bihar, Odisha, Pan India, West Bengal","safe_drinking_water, sanitation",MCA records show CSR activity in water/sanitation sectors,MCA CSR Data Export,2026-09-04
23,99.41,NHPC LIMITED,FY2024-25,22.5440281,6.2432142,16.3008139,4.0,4.0,8.0,99,"FY2021-22, FY2022-23, FY2023-24, FY2024-25","Arunachal Pradesh, Assam, Haryana, Himachal Pradesh, Jammu And Kashmir, Ladakh, Maharashtra, Manipur, Pan India, Sikkim, Uttar Pradesh, Uttarakhand, West Bengal","safe_drinking_water, sanitation",MCA records show CSR activity in water/sanitation sectors,MCA CSR Data Export,2026-09-04
24,99.37,JSW STEEL COATED PRODUCTS LIMITED,FY2024-25,12.6908143,12.4250166,0.2657977,6.0,2.0,8.0,9,"FY2016-17, FY2019-20, FY2020-21, FY2021-22, FY2022-23, FY2023-24, FY2024-25",Maharashtra,"safe_drinking_water, sanitation",MCA records show CSR activity in water/sanitation sectors,MCA CSR Data Export,2026-09-04
25,99.36,UNITED BREWERIES LIMITED,FY2024-25,12.5883383,12.5883383,0.0,7.0,0.0,7.0,27,"FY2017-18, FY2018-19, FY2019-20, FY2020-21, FY2022-23, FY2023-24, FY2024-25","Haryana, Karnataka, Kerala, Maharashtra, Odisha, Pan India, Rajasthan, Tamil Nadu, West Bengal",safe_drinking_water,MCA records show CSR activity in water/sanitation sectors,MCA CSR Data Export,2026-09-04
26,99.34,HCL TECHNOLOGIES LIMITED,FY2024-25,25.8563149,4.3128,21.5435149,3.0,5.0,8.0,29,"FY2017-18, FY2018-19, FY2019-20, FY2021-22, FY2022-23, FY2023-24, FY2024-25","Maharashtra, Pan India, Tamil Nadu, Uttar Pradesh","safe_drinking_water, sanitation",MCA records show CSR activity in water/sanitation sectors,MCA CSR Data Export,2026-09-04
27,99.31,JINDAL POWER LIMITED,FY2024-25,12.0214,11.2093,0.8120999999999999,4.0,2.0,6.0,7,"FY2020-21, FY2021-22, FY2022-23, FY2023-24, FY2024-25",Chhattisgarh,"safe_drinking_water, sanitation",MCA records show CSR activity in water/sanitation sectors,MCA CSR Data Export,2026-09-04
28,99.24,RUNGTA SONS PVT LTD,FY2024-25,11.9596678,8.0477273,3.9119405,9.0,9.0,18.0,23,"FY2016-17, FY2017-18, FY2018-19, FY2019-20, FY2020-21, FY2021-22, FY2022-23, FY2023-24, FY2024-25","Jharkhand, Odisha, West Bengal","safe_drinking_water, sanitation",MCA records show CSR activity in water/sanitation sectors,MCA CSR Data Export,2026-09-04
29,99.24,BASF CATALYSTS INDIA PRIVATE LIMITED,FY2024-25,10.8369173,10.6967693,0.140148,8.0,1.0,9.0,13,"FY2017-18, FY2018-19, FY2019-20, FY2020-21, FY2021-22, FY2022-23, FY2023-24, FY2024-25",Tamil Nadu,"safe_drinking_water, sanitation",MCA records show CSR activity in water/sanitation sectors,MCA CSR Data Export,2026-09-04
30,99.22,URANIUM CORPORATION OF INDIA LIMITED,FY2024-25,10.785048,9.6198645,1.1651835,6.0,3.0,9.0,9,"FY2018-19, FY2019-20, FY2020-21, FY2021-22, FY2022-23, FY2024-25","Andhra Pradesh, Jharkhand","safe_drinking_water, sanitation",MCA records show CSR activity in water/sanitation sectors,MCA CSR Data Export,2026-09-04
31,99.21,CREDITACCESS GRAMEEN LIMITED,FY2024-25,12.531449371,6.157818,6.373631371,4.0,6.0,10.0,18,"FY2015-16, FY2016-17, FY2017-18, FY2018-19, FY2019-20, FY2020-21, FY2024-25","Karnataka, Maharashtra, Pan India","safe_drinking_water, sanitation",MCA records show CSR activity in water/sanitation sectors,MCA CSR Data Export,2026-09-04
32,99.19,HINDUSTAN PETROLEUM CORPORATION LIMITED,FY2024-25,13.3114663,5.567222635,7.744243665,4.0,5.0,9.0,73,"FY2020-21, FY2021-22, FY2022-23, FY2023-24, FY2024-25","Andhra Pradesh, Bihar, Delhi, Gujarat, Haryana, Karnataka, Kerala, Madhya Pradesh, Maharashtra, Odisha, Pan India, Punjab, Rajasthan, Tamil Nadu, Telangana, Uttar Pradesh, Uttarakhand, West Bengal","safe_drinking_water, sanitation",MCA records show CSR activity in water/sanitation sectors,MCA CSR Data Export,2026-09-04
33,99.12,WESTERN COALFIELDS LIMITED,FY2024-25,9.7318304,7.283508100000001,2.4483223,7.0,7.0,14.0,23,"FY2017-18, FY2018-19, FY2020-21, FY2021-22, FY2022-23, FY2023-24, FY2024-25","Madhya Pradesh, Maharashtra, Pan India","safe_drinking_water, sanitation",MCA records show CSR activity in water/sanitation sectors,MCA CSR Data Export,2026-09-04
34,99.07,DATWYLER PHARMA PACKAGING INDIA PRIVATE LIMITED,FY2024-25,8.6382356,8.6382356,0.0,6.0,0.0,6.0,8,"FY2019-20, FY2020-21, FY2021-22, FY2022-23, FY2023-24, FY2024-25",Maharashtra,safe_drinking_water,MCA records show CSR activity in water/sanitation sectors,MCA CSR Data Export,2026-09-04
35,99.05,BARAMATI AGRO LIMITED,FY2024-25,8.5630581,8.5630581,0.0,7.0,0.0,7.0,15,"FY2017-18, FY2019-20, FY2020-21, FY2021-22, FY2022-23, FY2023-24, FY2024-25","Karnataka, Maharashtra",safe_drinking_water,MCA records show CSR activity in water/sanitation sectors,MCA CSR Data Export,2026-09-04
36,99.02,TAMILNADU NEWSPRINT & PAPERS LIMITED,FY2024-25,8.3035,7.7771,0.5264,4.0,4.0,8.0,8,"FY2017-18, FY2018-19, FY2019-20, FY2020-21, FY2021-22, FY2024-25",Tamil Nadu,"safe_drinking_water, sanitation",MCA records show CSR activity in water/sanitation sectors,MCA CSR Data Export,2026-09-04
37,99.0,SESHASAYEE PAPER AND BOARDS LIMITED,FY2024-25,7.8991308,7.8991308,0.0,8.0,0.0,8.0,8,"FY2017-18, FY2018-19, FY2019-20, FY2020-21, FY2021-22, FY2022-23, FY2023-24, FY2024-25",Tamil Nadu,safe_drinking_water,MCA records show CSR activity in water/sanitation sectors,MCA CSR Data Export,2026-09-04
38,98.96,HINDUSTAN AERONAUTICS LIMITED,FY2024-25,27.2851429,1.7612,25.5239429,2.0,7.0,9.0,37,"FY2016-17, FY2018-19, FY2020-21, FY2021-22, FY2022-23, FY2023-24, FY2024-25","Karnataka, Maharashtra, Odisha, Telangana, Uttar Pradesh, West Bengal","safe_drinking_water, sanitation",MCA records show CSR activity in water/sanitation sectors,MCA CSR Data Export,2026-09-04
39,98.96,HETERO LABS LIMITED,FY2024-25,7.25639,7.11039,0.146,7.0,2.0,9.0,9,"FY2015-16, FY2016-17, FY2018-19, FY2019-20, FY2020-21, FY2021-22, FY2022-23, FY2023-24, FY2024-25","Andhra Pradesh, Telangana","safe_drinking_water, sanitation",MCA records show CSR activity in water/sanitation sectors,MCA CSR Data Export,2026-09-04
40,98.92,VIRBAC ANIMAL HEALTH INDIA PRIVATE LIMITED,FY2024-25,7.1341795,6.530069999999999,0.6041095,4.0,2.0,6.0,73,"FY2021-22, FY2022-23, FY2023-24, FY2024-25","Andhra Pradesh, Bihar, Gujarat, Haryana, Karnataka, Kerala, Madhya Pradesh, Maharashtra, Odisha, Pan India, Rajasthan, Telangana, Uttar Pradesh, Uttarakhand, West Bengal","safe_drinking_water, sanitation",MCA records show CSR activity in water/sanitation sectors,MCA CSR Data Export,2026-09-04
41,98.91,THE RAMCO CEMENTS LIMITED,FY2024-25,7.033443759,7.033443759,0.0,5.0,0.0,5.0,28,"FY2020-21, FY2021-22, FY2022-23, FY2023-24, FY2024-25","Andhra Pradesh, Karnataka, Pan India, Tamil Nadu",safe_drinking_water,MCA records show CSR activity in water/sanitation sectors,MCA CSR Data Export,2026-09-04
42,98.89,AUROBINDO PHARMA LTD,FY2024-25,9.0442383,3.7735465,5.2706918,6.0,2.0,8.0,12,"FY2016-17, FY2017-18, FY2018-19, FY2021-22, FY2022-23, FY2024-25","Andhra Pradesh, Pan India, Telangana","safe_drinking_water, sanitation",MCA records show CSR activity in water/sanitation sectors,MCA CSR Data Export,2026-09-04
43,98.81,MUMBAI WASTE MANAGEMENT LIMITED,FY2024-25,7.0897575,5.0304639,2.0592936,5.0,4.0,9.0,24,"FY2020-21, FY2021-22, FY2022-23, FY2023-24, FY2024-25","Andhra Pradesh, Karnataka, Madhya Pradesh, Maharashtra, Rajasthan, Telangana, Uttar Pradesh","safe_drinking_water, sanitation",MCA records show CSR activity in water/sanitation sectors,MCA CSR Data Export,2026-09-04
44,98.76,BHUSHAN POWER & STEEL LIMITED,FY2024-25,6.221144313,5.628596263,0.59254805,4.0,2.0,6.0,6,"FY2021-22, FY2022-23, FY2023-24, FY2024-25",Odisha,"safe_drinking_water, sanitation",MCA records show CSR activity in water/sanitation sectors,MCA CSR Data Export,2026-09-04
45,98.72,JSW ENERGY (BARMER) LIMITED,FY2024-25,6.079513171,5.298048671,0.7814645,4.0,3.0,7.0,7,"FY2017-18, FY2018-19, FY2019-20, FY2022-23, FY2023-24, FY2024-25","Pan India, Rajasthan","safe_drinking_water, sanitation",MCA records show CSR activity in water/sanitation sectors,MCA CSR Data Export,2026-09-04
46,98.67,RUPA & COMPANY LTD,FY2024-25,5.676931506,5.676931506,0.0,8.0,0.0,8.0,20,"FY2017-18, FY2018-19, FY2019-20, FY2020-21, FY2021-22, FY2022-23, FY2023-24, FY2024-25",West Bengal,safe_drinking_water,MCA records show CSR activity in water/sanitation sectors,MCA CSR Data Export,2026-09-04
47,98.59,LIC HOUSING FINANCE LTD,FY2024-25,7.3294615,2.4304793,4.8989822,3.0,4.0,7.0,16,"FY2018-19, FY2019-20, FY2021-22, FY2022-23, FY2023-24, FY2024-25","Andhra Pradesh, Jharkhand, Kerala, Pan India, Rajasthan, Tamil Nadu, Tripura, Uttar Pradesh, West Bengal","safe_drinking_water, sanitation",MCA records show CSR activity in water/sanitation sectors,MCA CSR Data Export,2026-09-04
48,98.55,BOSCH LIMITED,FY2024-25,6.4687909,2.6287909000000003,3.84,5.0,2.0,7.0,7,"FY2016-17, FY2017-18, FY2020-21, FY2021-22, FY2022-23, FY2024-25","Karnataka, Maharashtra, Rajasthan, Tamil Nadu","safe_drinking_water, sanitation",MCA records show CSR activity in water/sanitation sectors,MCA CSR Data Export,2026-09-04
49,98.51,RAIL VIKAS NIGAM LIMITED,FY2024-25,13.4218854,1.241,12.1808854,2.0,6.0,8.0,40,"FY2016-17, FY2017-18, FY2018-19, FY2019-20, FY2021-22, FY2024-25","Andhra Pradesh, Delhi, Karnataka, Madhya Pradesh, Rajasthan, Tamil Nadu, Uttar Pradesh, Uttarakhand, West Bengal","safe_drinking_water, sanitation",MCA records show CSR activity in water/sanitation sectors,MCA CSR Data Export,2026-09-04
50,98.48,HINDUJA LEYLAND FINANCE LIMITED,FY2024-25,4.7277315,4.7277315,0.0,6.0,0.0,6.0,10,"FY2017-18, FY2018-19, FY2021-22, FY2022-23, FY2023-24, FY2024-25","Maharashtra, Rajasthan, Tamil Nadu",safe_drinking_water,MCA records show CSR activity in water/sanitation sectors,MCA CSR Data Export,2026-09-04
51,98.44,PRAKASH INDUSTRIES LIMITED,FY2024-25,4.6601865,4.6601865,0.0,7.0,0.0,7.0,10,"FY2017-18, FY2018-19, FY2019-20, FY2020-21, FY2021-22, FY2022-23, FY2024-25","Chhattisgarh, Odisha, Pan India",safe_drinking_water,MCA records show CSR activity in water/sanitation sectors,MCA CSR Data Export,2026-09-04
52,98.42,MANALI PETROCHEMICALS LIMITED,FY2024-25,4.644530387,4.3308,0.313730387,4.0,4.0,8.0,8,"FY2018-19, FY2019-20, FY2020-21, FY2021-22, FY2022-23, FY2023-24, FY2024-25",Tamil Nadu,"safe_drinking_water, sanitation",MCA records show CSR activity in water/sanitation sectors,MCA CSR Data Export,2026-09-04
53,98.36,ANDHRA PAPER LIMITED,FY2024-25,4.33921229,4.33271229,0.0065,6.0,1.0,7.0,16,"FY2019-20, FY2020-21, FY2021-22, FY2022-23, FY2023-24, FY2024-25",Andhra Pradesh,"safe_drinking_water, sanitation",MCA records show CSR activity in water/sanitation sectors,MCA CSR Data Export,2026-09-04
54,98.35,SHREE CEMENT LIMITED,FY2024-25,4.2661546,4.2661546,0.0,7.0,0.0,7.0,22,"FY2016-17, FY2017-18, FY2019-20, FY2020-21, FY2022-23, FY2023-24, FY2024-25","Andhra Pradesh, Bihar, Chhattisgarh, Haryana, Jharkhand, Odisha, Pan India, Rajasthan",safe_drinking_water,MCA records show CSR activity in water/sanitation sectors,MCA CSR Data Export,2026-09-04
55,98.32,CHOLAMANDALAM INVESTMENT AND FINANCE COMPANY LIMITED,FY2024-25,6.3873374,1.809564,4.5777734,2.0,4.0,6.0,18,"FY2021-22, FY2022-23, FY2023-24, FY2024-25","Assam, Bihar, Jharkhand, Maharashtra, Odisha, Tamil Nadu, Telangana","safe_drinking_water, sanitation",MCA records show CSR activity in water/sanitation sectors,MCA CSR Data Export,2026-09-04
56,98.13,CHOWGULE AND COMPANY PRIVATE LIMITED.,FY2024-25,3.6831,3.6831,0.0,6.0,0.0,6.0,6,"FY2017-18, FY2018-19, FY2019-20, FY2022-23, FY2023-24, FY2024-25",Goa,safe_drinking_water,MCA records show CSR activity in water/sanitation sectors,MCA CSR Data Export,2026-09-04
57,98.1,MYLAN LABORATORIES LIMITED,FY2024-25,3.7704723,2.9174352,0.8530371,4.0,2.0,6.0,12,"FY2017-18, FY2018-19, FY2020-21, FY2022-23, FY2023-24, FY2024-25","Karnataka, Madhya Pradesh, Maharashtra, Pan India, Tamil Nadu, Telangana","safe_drinking_water, sanitation",MCA records show CSR activity in water/sanitation sectors,MCA CSR Data Export,2026-09-04
58,98.02,IRCON INTERNATIONAL LIMITED,FY2024-25,5.1421629,1.4938734,3.6482895,6.0,6.0,12.0,31,"FY2017-18, FY2018-19, FY2019-20, FY2020-21, FY2022-23, FY2023-24, FY2024-25","Andhra Pradesh, Bihar, Chhattisgarh, Jammu And Kashmir, Maharashtra, Odisha, Rajasthan, Sikkim, Uttar Pradesh, Uttarakhand, West Bengal","safe_drinking_water, sanitation",MCA records show CSR activity in water/sanitation sectors,MCA CSR Data Export,2026-09-04
59,98.02,BSES RAJDHANI POWER LIMITED,FY2024-25,4.250998334,1.9933175,2.257680834,5.0,5.0,10.0,15,"FY2019-20, FY2020-21, FY2021-22, FY2022-23, FY2023-24, FY2024-25",Delhi,"safe_drinking_water, sanitation",MCA records show CSR activity in water/sanitation sectors,MCA CSR Data Export,2026-09-04
60,98.01,INDIAN RAILWAY CATERING AND TOURISM CORPORATION LIMITED,FY2024-25,8.841133000000001,0.9621872,7.878945799999999,5.0,4.0,9.0,26,"FY2017-18, FY2018-19, FY2022-23, FY2023-24, FY2024-25","Bihar, Delhi, Madhya Pradesh, Maharashtra, Pan India, Tamil Nadu, Uttar Pradesh, Uttarakhand, West Bengal","safe_drinking_water, sanitation",MCA records show CSR activity in water/sanitation sectors,MCA CSR Data Export,2026-09-04
61,97.99,CENTRAL MINE PLANNING & DESIGN INSTITUTE LIMITED,FY2024-25,5.973615314,1.226978698,4.746636616,7.0,6.0,13.0,60,"FY2017-18, FY2018-19, FY2019-20, FY2021-22, FY2022-23, FY2023-24, FY2024-25","Chhattisgarh, Jharkhand, Madhya Pradesh, Maharashtra, Odisha, Pan India, West Bengal","safe_drinking_water, sanitation",MCA records show CSR activity in water/sanitation sectors,MCA CSR Data Export,2026-09-04
62,97.92,WPIL LIMITED,FY2024-25,3.2553488,3.2553488,0.0,7.0,0.0,7.0,11,"FY2018-19, FY2019-20, FY2020-21, FY2021-22, FY2022-23, FY2023-24, FY2024-25",West Bengal,safe_drinking_water,MCA records show CSR activity in water/sanitation sectors,MCA CSR Data Export,2026-09-04
63,97.91,BONAI INDUSTRIAL CO LTD,FY2024-25,3.3784415,2.8630015,0.51544,6.0,4.0,10.0,11,"FY2016-17, FY2017-18, FY2018-19, FY2019-20, FY2020-21, FY2024-25",Odisha,"safe_drinking_water, sanitation",MCA records show CSR activity in water/sanitation sectors,MCA CSR Data Export,2026-09-04
64,97.91,AB INBEV GCC SERVICES INDIA PRIVATE LIMITED,FY2024-25,3.2501170000000004,3.224117,0.026,4.0,1.0,5.0,9,"FY2021-22, FY2022-23, FY2023-24, FY2024-25",Karnataka,"safe_drinking_water, sanitation",MCA records show CSR activity in water/sanitation sectors,MCA CSR Data Export,2026-09-04
65,97.88,RITES LIMITED,FY2024-25,4.0641,1.7628,2.3013,7.0,5.0,12.0,24,"FY2018-19, FY2019-20, FY2020-21, FY2021-22, FY2022-23, FY2023-24, FY2024-25","Andhra Pradesh, Bihar, Delhi, Gujarat, Jammu And Kashmir, Jharkhand, Rajasthan, Uttar Pradesh","safe_drinking_water, sanitation",MCA records show CSR activity in water/sanitation sectors,MCA CSR Data Export,2026-09-04
66,97.84,THDC INDIA LIMITED,FY2024-25,4.744834,1.249306,3.495528,6.0,5.0,11.0,37,"FY2019-20, FY2020-21, FY2021-22, FY2022-23, FY2023-24, FY2024-25","Bihar, Madhya Pradesh, Uttar Pradesh, Uttarakhand","safe_drinking_water, sanitation",MCA records show CSR activity in water/sanitation sectors,MCA CSR Data Export,2026-09-04
67,97.77,APOLLO TYRES LIMITED.,FY2024-25,4.4762123,1.2437806,3.2324317,5.0,4.0,9.0,19,"FY2020-21, FY2021-22, FY2022-23, FY2023-24, FY2024-25","Andhra Pradesh, Gujarat, Tamil Nadu","safe_drinking_water, sanitation",MCA records show CSR activity in water/sanitation sectors,MCA CSR Data Export,2026-09-04
68,97.75,SOUTH-WEST MINING LIMITED,FY2024-25,3.2423689,2.3375796,0.9047893,5.0,4.0,9.0,15,"FY2017-18, FY2021-22, FY2022-23, FY2023-24, FY2024-25","Andhra Pradesh, Karnataka, Pan India, Rajasthan","safe_drinking_water, sanitation",MCA records show CSR activity in water/sanitation sectors,MCA CSR Data Export,2026-09-04
69,97.75,YAZAKI INDIA PRIVATE LIMITED,FY2024-25,2.98064,2.98064,0.0,5.0,0.0,5.0,16,"FY2020-21, FY2021-22, FY2022-23, FY2023-24, FY2024-25","Jharkhand, Karnataka, Madhya Pradesh, Maharashtra, Rajasthan, Tamil Nadu, Uttarakhand",safe_drinking_water,MCA records show CSR activity in water/sanitation sectors,MCA CSR Data Export,2026-09-04
70,97.73,GENERAL INSURANCE CORPORATION OF INDIA,FY2024-25,4.4362032000000005,1.217375,3.2188282,1.0,5.0,6.0,14,"FY2016-17, FY2017-18, FY2019-20, FY2023-24, FY2024-25","Chandigarh, Gujarat, Jharkhand, Karnataka, Maharashtra, Pan India, Tamil Nadu, Tripura, Uttar Pradesh","safe_drinking_water, sanitation",MCA records show CSR activity in water/sanitation sectors,MCA CSR Data Export,2026-09-04
71,97.72,SYNGENTA INDIA PRIVATE LIMITED,FY2024-25,3.8416454,1.4684983,2.3731471,4.0,3.0,7.0,19,"FY2021-22, FY2022-23, FY2023-24, FY2024-25","Andhra Pradesh, Maharashtra, Pan India, Rajasthan, Telangana, Uttar Pradesh","safe_drinking_water, sanitation",MCA records show CSR activity in water/sanitation sectors,MCA CSR Data Export,2026-09-04
72,97.7,GULF OIL LUBRICANTS INDIA LIMITED,FY2024-25,2.8877958,2.8877958,0.0,6.0,0.0,6.0,6,"FY2018-19, FY2019-20, FY2020-21, FY2022-23, FY2023-24, FY2024-25","Kerala, Pan India, Tamil Nadu",safe_drinking_water,MCA records show CSR activity in water/sanitation sectors,MCA CSR Data Export,2026-09-04
73,97.68,DOLLAR INDUSTRIES LIMITED,FY2024-25,2.8578407,2.8578407,0.0,6.0,0.0,6.0,6,"FY2018-19, FY2019-20, FY2021-22, FY2022-23, FY2023-24, FY2024-25","Pan India, West Bengal",safe_drinking_water,MCA records show CSR activity in water/sanitation sectors,MCA CSR Data Export,2026-09-04
74,97.65,MMTC - PAMP INDIA PRIVATE LIMITED,FY2024-25,2.8275032,2.7466032,0.0809,9.0,2.0,11.0,12,"FY2016-17, FY2017-18, FY2018-19, FY2019-20, FY2020-21, FY2021-22, FY2022-23, FY2023-24, FY2024-25",Haryana,"safe_drinking_water, sanitation",MCA records show CSR activity in water/sanitation sectors,MCA CSR Data Export,2026-09-04
75,97.58,AMBA RIVER COKE LIMITED,FY2024-25,2.9101367,2.2544995,0.6556372,4.0,3.0,7.0,7,"FY2020-21, FY2021-22, FY2022-23, FY2023-24, FY2024-25",Maharashtra,"safe_drinking_water, sanitation",MCA records show CSR activity in water/sanitation sectors,MCA CSR Data Export,2026-09-04
76,97.57,FEEGRADE & CO PVT LTD,FY2024-25,2.7633,2.6027,0.1606,6.0,2.0,8.0,9,"FY2016-17, FY2017-18, FY2018-19, FY2019-20, FY2020-21, FY2024-25",Odisha,"safe_drinking_water, sanitation",MCA records show CSR activity in water/sanitation sectors,MCA CSR Data Export,2026-09-04
77,97.53,GHCL LIMITED,FY2024-25,2.6525407,2.6525407,0.0,7.0,0.0,7.0,7,"FY2016-17, FY2018-19, FY2019-20, FY2021-22, FY2022-23, FY2023-24, FY2024-25",Gujarat,safe_drinking_water,MCA records show CSR activity in water/sanitation sectors,MCA CSR Data Export,2026-09-04
78,97.46,FINOLEX INDUSTRIES LIMITED,FY2024-25,3.5031667,1.2516971,2.2514696,5.0,3.0,8.0,25,"FY2017-18, FY2020-21, FY2021-22, FY2022-23, FY2024-25","Gujarat, Karnataka, Maharashtra, Tamil Nadu","safe_drinking_water, sanitation",MCA records show CSR activity in water/sanitation sectors,MCA CSR Data Export,2026-09-04
79,97.4,M.VENKATA RAO INFRA PROJECTS PRIVATE LIMITED (PART IX ),FY2024-25,2.6298047,2.2077047,0.4221,5.0,1.0,6.0,6,"FY2016-17, FY2018-19, FY2021-22, FY2022-23, FY2023-24, FY2024-25","Andhra Pradesh, Goa","safe_drinking_water, sanitation",MCA records show CSR activity in water/sanitation sectors,MCA CSR Data Export,2026-09-04
80,97.35,OIL INDIA LIMITED,FY2023-24,101.756066039,2.3796646,99.376401439,3.0,6.0,9.0,31,"FY2017-18, FY2018-19, FY2019-20, FY2021-22, FY2022-23, FY2023-24","Andhra Pradesh, Arunachal Pradesh, Assam, Pan India, Rajasthan","safe_drinking_water, sanitation",MCA records show CSR activity in water/sanitation sectors,MCA CSR Data Export,2026-09-04
81,97.33,ROCA BATHROOM PRODUCTS PRIVATE LIMITED,FY2023-24,16.3811,6.9207,9.4604,4.0,7.0,11.0,89,"FY2017-18, FY2018-19, FY2019-20, FY2020-21, FY2021-22, FY2022-23, FY2023-24","Andhra Pradesh, Delhi, Haryana, Karnataka, Kerala, Madhya Pradesh, Rajasthan, Tamil Nadu, Telangana, Uttar Pradesh, Uttarakhand","safe_drinking_water, sanitation",MCA records show CSR activity in water/sanitation sectors,MCA CSR Data Export,2026-09-04
82,97.33,NAVIN FLUORINE INTERNATIONAL LIMITED,FY2024-25,2.7979000000000003,1.7114,1.0865,3.0,3.0,6.0,6,"FY2017-18, FY2018-19, FY2019-20, FY2024-25","Madhya Pradesh, Maharashtra","safe_drinking_water, sanitation",MCA records show CSR activity in water/sanitation sectors,MCA CSR Data Export,2026-09-04
83,97.26,RUNGTA MINES LIMITED,FY2023-24,11.627988043,9.458166772,2.169821271,8.0,8.0,16.0,26,"FY2016-17, FY2017-18, FY2018-19, FY2019-20, FY2020-21, FY2021-22, FY2022-23, FY2023-24","Jharkhand, Odisha, Pan India","safe_drinking_water, sanitation",MCA records show CSR activity in water/sanitation sectors,MCA CSR Data Export,2026-09-04
84,97.25,GOA SHIPYARD LIMITED,FY2024-25,5.957950343,0.595230726,5.362719617,3.0,7.0,10.0,39,"FY2018-19, FY2019-20, FY2020-21, FY2021-22, FY2022-23, FY2023-24, FY2024-25","Goa, Maharashtra","safe_drinking_water, sanitation",MCA records show CSR activity in water/sanitation sectors,MCA CSR Data Export,2026-09-04
85,97.25,JK LAKSHMI CEMENT LIMITED,FY2024-25,2.457774758,2.307774758,0.15,4.0,1.0,5.0,5,"FY2019-20, FY2021-22, FY2022-23, FY2023-24, FY2024-25","Pan India, Rajasthan","safe_drinking_water, sanitation",MCA records show CSR activity in water/sanitation sectors,MCA CSR Data Export,2026-09-04
86,97.22,NABHA POWER LIMITED,FY2024-25,3.432152555,1.0,2.432152555,3.0,4.0,7.0,7,"FY2016-17, FY2017-18, FY2018-19, FY2019-20, FY2022-23, FY2023-24, FY2024-25",Punjab,"safe_drinking_water, sanitation",MCA records show CSR activity in water/sanitation sectors,MCA CSR Data Export,2026-09-04
87,97.22,SBI CAPITAL MARKETS LIMITED,FY2024-25,2.7254882,1.5154999999999998,1.2099882,3.0,3.0,6.0,8,"FY2017-18, FY2018-19, FY2019-20, FY2023-24, FY2024-25","Delhi, Maharashtra, Rajasthan, Tamil Nadu","safe_drinking_water, sanitation",MCA records show CSR activity in water/sanitation sectors,MCA CSR Data Export,2026-09-04
88,97.22,KARNATAKA RENEWABLE ENERGY DEVELOPMENT LIMITED,FY2024-25,2.41,2.21,0.2,6.0,1.0,7.0,10,"FY2018-19, FY2019-20, FY2021-22, FY2022-23, FY2023-24, FY2024-25",Karnataka,"safe_drinking_water, sanitation",MCA records show CSR activity in water/sanitation sectors,MCA CSR Data Export,2026-09-04
89,97.16,CHAMBAL FERTILISERS AND CHEMICALS LIMITED,FY2024-25,2.752052876,1.382052876,1.37,4.0,1.0,5.0,13,"FY2016-17, FY2021-22, FY2022-23, FY2023-24, FY2024-25","Haryana, Madhya Pradesh, Maharashtra, Punjab, Rajasthan","safe_drinking_water, sanitation",MCA records show CSR activity in water/sanitation sectors,MCA CSR Data Export,2026-09-04
90,97.11,ESL STEEL LIMITED,FY2024-25,2.259730473,2.244743573,0.0149869,4.0,1.0,5.0,10,"FY2021-22, FY2022-23, FY2023-24, FY2024-25","Jharkhand, Odisha","safe_drinking_water, sanitation",MCA records show CSR activity in water/sanitation sectors,MCA CSR Data Export,2026-09-04
91,97.05,BHARAT DYNAMICS LIMITED,FY2024-25,10.6904818,0.4412,10.2492818,4.0,6.0,10.0,21,"FY2017-18, FY2018-19, FY2019-20, FY2020-21, FY2021-22, FY2024-25","Andhra Pradesh, Pan India, Telangana","safe_drinking_water, sanitation",MCA records show CSR activity in water/sanitation sectors,MCA CSR Data Export,2026-09-04
92,96.92,WEST COAST PAPER MILLS LIMITED,FY2024-25,2.0817647,2.0817647,0.0,9.0,0.0,9.0,9,"FY2016-17, FY2017-18, FY2018-19, FY2019-20, FY2020-21, FY2021-22, FY2022-23, FY2023-24, FY2024-25",Karnataka,safe_drinking_water,MCA records show CSR activity in water/sanitation sectors,MCA CSR Data Export,2026-09-04
93,96.91,NTPC LIMITED,FY2024-25,115.178107021,24.02468187,91.153425151,2.0,2.0,4.0,208,"FY2017-18, FY2022-23, FY2024-25","Andhra Pradesh, Assam, Bihar, Chhattisgarh, Delhi, Gujarat, Haryana, Himachal Pradesh, Jharkhand, Kerala, Madhya Pradesh, Maharashtra, Nagaland, Odisha, Pan India, Rajasthan, Telangana, Uttar Pradesh, West Bengal","safe_drinking_water, sanitation",MCA records show CSR activity in water/sanitation sectors,MCA CSR Data Export,2026-09-04
94,96.9,SECURITY PRINTING AND MINTING CORPORATION OF INDIA LIMITED,FY2024-25,2.9073053,0.9369,1.9704053,2.0,3.0,5.0,7,"FY2018-19, FY2019-20, FY2024-25","Maharashtra, Pan India, Telangana, Uttar Pradesh","safe_drinking_water, sanitation",MCA records show CSR activity in water/sanitation sectors,MCA CSR Data Export,2026-09-04
95,96.85,ODISHA MINING CORPORATION LIMITED,FY2024-25,2.173924705,1.616316143,0.557608562,4.0,3.0,7.0,9,"FY2019-20, FY2021-22, FY2022-23, FY2024-25",Odisha,"safe_drinking_water, sanitation",MCA records show CSR activity in water/sanitation sectors,MCA CSR Data Export,2026-09-04
96,96.78,LARSEN AND TOUBRO LIMITED,FY2023-24,12.3257667,2.0386721,10.2870946,2.0,4.0,6.0,13,"FY2020-21, FY2021-22, FY2022-23, FY2023-24","Gujarat, Maharashtra, Rajasthan, Tamil Nadu","safe_drinking_water, sanitation",MCA records show CSR activity in water/sanitation sectors,MCA CSR Data Export,2026-09-04
97,96.74,CHEMPLAST SANMAR LIMITED,FY2023-24,5.9942,5.9942,0.0,6.0,0.0,6.0,6,"FY2018-19, FY2019-20, FY2020-21, FY2021-22, FY2022-23, FY2023-24",Tamil Nadu,safe_drinking_water,MCA records show CSR activity in water/sanitation sectors,MCA CSR Data Export,2026-09-04
98,96.73,TAMILNAD MERCANTILE BANK LIMITED,FY2024-25,10.899646341,0.360973426,10.538672915,6.0,6.0,12.0,30,"FY2017-18, FY2019-20, FY2021-22, FY2022-23, FY2023-24, FY2024-25","Andhra Pradesh, Pan India, Tamil Nadu, Uttar Pradesh","safe_drinking_water, sanitation",MCA records show CSR activity in water/sanitation sectors,MCA CSR Data Export,2026-09-04
99,96.72,GKN DRIVELINE (INDIA) LIMITED,FY2024-25,2.4974,1.0234,1.474,6.0,4.0,10.0,19,"FY2017-18, FY2019-20, FY2020-21, FY2021-22, FY2022-23, FY2024-25","Haryana, Maharashtra, Tamil Nadu","safe_drinking_water, sanitation",MCA records show CSR activity in water/sanitation sectors,MCA CSR Data Export,2026-09-04
100,96.66,KANAM LATEX INDUSTRIES PVT LTD,FY2024-25,2.0357657,1.4476423,0.5881234,5.0,7.0,12.0,21,"FY2015-16, FY2016-17, FY2017-18, FY2018-19, FY2020-21, FY2021-22, FY2023-24, FY2024-25","Kerala, Tamil Nadu","safe_drinking_water, sanitation",MCA records show CSR activity in water/sanitation sectors,MCA CSR Data Export,2026-09-04
101,96.62,CONTAINER CORPORATION OF INDIA LIMITED,FY2023-24,16.8069,1.3595,15.4474,5.0,8.0,13.0,61,"FY2016-17, FY2017-18, FY2018-19, FY2019-20, FY2020-21, FY2021-22, FY2022-23, FY2023-24","Bihar, Delhi, Gujarat, Haryana, Kerala, Maharashtra, Odisha, Pan India, Rajasthan, Tamil Nadu, Telangana, Uttar Pradesh, West Bengal","safe_drinking_water, sanitation",MCA records show CSR activity in water/sanitation sectors,MCA CSR Data Export,2026-09-04
102,96.56,GODAWARI POWER AND ISPAT LIMITED,FY2024-25,1.8788,1.8033,0.0755,9.0,1.0,10.0,12,"FY2016-17, FY2017-18, FY2018-19, FY2019-20, FY2020-21, FY2021-22, FY2022-23, FY2023-24, FY2024-25",Chhattisgarh,"safe_drinking_water, sanitation",MCA records show CSR activity in water/sanitation sectors,MCA CSR Data Export,2026-09-04
103,96.54,ICICI LOMBARD GENERAL INSURANCE COMPANY LIMITED,FY2024-25,19.4874908,19.4874908,0.0,4.0,0.0,4.0,4,"FY2021-22, FY2022-23, FY2023-24, FY2024-25","Bihar, Pan India",safe_drinking_water,MCA records show CSR activity in water/sanitation sectors,MCA CSR Data Export,2026-09-04
104,96.54,LM WIND POWER BLADES (INDIA) PRIVATE LIMITED,FY2024-25,1.89423,1.7087233,0.1855067,5.0,2.0,7.0,10,"FY2020-21, FY2021-22, FY2022-23, FY2023-24, FY2024-25","Gujarat, Karnataka","safe_drinking_water, sanitation",MCA records show CSR activity in water/sanitation sectors,MCA CSR Data Export,2026-09-04
105,96.54,SREE RAYALASEEMA HI-STRENGTH HYPO LIMITED,FY2024-25,1.8511145,1.8511145,0.0,10.0,0.0,10.0,10,"FY2015-16, FY2016-17, FY2017-18, FY2018-19, FY2019-20, FY2020-21, FY2021-22, FY2022-23, FY2023-24, FY2024-25",Andhra Pradesh,safe_drinking_water,MCA records show CSR activity in water/sanitation sectors,MCA CSR Data Export,2026-09-04
106,96.51,TGV SRAAC LIMITED,FY2024-25,1.835367,1.835367,0.0,7.0,0.0,7.0,7,"FY2017-18, FY2018-19, FY2019-20, FY2020-21, FY2021-22, FY2023-24, FY2024-25",Andhra Pradesh,safe_drinking_water,MCA records show CSR activity in water/sanitation sectors,MCA CSR Data Export,2026-09-04
107,96.48,CAN FIN HOMES LIMITED,FY2024-25,1.9335144,1.3932044,0.5403100000000001,3.0,2.0,5.0,47,"FY2018-19, FY2023-24, FY2024-25","Andhra Pradesh, Bihar, Chhattisgarh, Delhi, Haryana, Karnataka, Kerala, Madhya Pradesh, Maharashtra, Odisha, Puducherry, Rajasthan, Tamil Nadu","safe_drinking_water, sanitation",MCA records show CSR activity in water/sanitation sectors,MCA CSR Data Export,2026-09-04
108,96.46,MOON BEVERAGES LIMITED,FY2024-25,2.0554433000000003,1.1203663,0.935077,4.0,1.0,5.0,6,"FY2016-17, FY2017-18, FY2018-19, FY2019-20, FY2024-25","Delhi, Uttar Pradesh","safe_drinking_water, sanitation",MCA records show CSR activity in water/sanitation sectors,MCA CSR Data Export,2026-09-04
109,96.38,INDIAN EXPLOSIVES PRIVATE LIMITED,FY2023-24,4.3976198,4.3976198,0.0,7.0,0.0,7.0,8,"FY2017-18, FY2018-19, FY2019-20, FY2020-21, FY2021-22, FY2022-23, FY2023-24",Jharkhand,safe_drinking_water,MCA records show CSR activity in water/sanitation sectors,MCA CSR Data Export,2026-09-04
110,96.32,HYDERABAD INTEGRATED MSW LIMITED,FY2024-25,1.9110689,1.1858542,0.7252147,4.0,1.0,5.0,8,"FY2020-21, FY2021-22, FY2023-24, FY2024-25","Andhra Pradesh, Madhya Pradesh, Telangana","safe_drinking_water, sanitation",MCA records show CSR activity in water/sanitation sectors,MCA CSR Data Export,2026-09-04
111,96.23,COCHIN SHIPYARD LIMITED,FY2023-24,5.2967464,2.0143083,3.2824381,2.0,3.0,5.0,38,"FY2021-22, FY2022-23, FY2023-24","Assam, Kerala, Nagaland, West Bengal","safe_drinking_water, sanitation",MCA records show CSR activity in water/sanitation sectors,MCA CSR Data Export,2026-09-04
112,96.22,SUN PHARMACEUTICAL INDUSTRIES LIMITED,FY2024-25,1.655587651,1.655587651,0.0,8.0,0.0,8.0,23,"FY2017-18, FY2018-19, FY2019-20, FY2020-21, FY2021-22, FY2022-23, FY2023-24, FY2024-25","Gujarat, Maharashtra, Pan India, Punjab, Tamil Nadu",safe_drinking_water,MCA records show CSR activity in water/sanitation sectors,MCA CSR Data Export,2026-09-04
113,96.21,ATLAS COPCO (INDIA) PRIVATE LIMITED,FY2024-25,11.1439928,7.5779469,3.5660459,2.0,2.0,4.0,16,"FY2022-23, FY2023-24, FY2024-25","Maharashtra, Rajasthan, Telangana","safe_drinking_water, sanitation",MCA records show CSR activity in water/sanitation sectors,MCA CSR Data Export,2026-09-04
114,96.12,SUNFLAG IRON AND STEEL CO LTD,FY2024-25,1.5961612,1.5886799,0.0074813,8.0,1.0,9.0,10,"FY2017-18, FY2018-19, FY2019-20, FY2020-21, FY2021-22, FY2022-23, FY2023-24, FY2024-25",Maharashtra,"safe_drinking_water, sanitation",MCA records show CSR activity in water/sanitation sectors,MCA CSR Data Export,2026-09-04
115,96.08,RE SUSTAINABILITY LIMITED,FY2024-25,1.602205,1.4482355,0.1539695,4.0,2.0,6.0,14,"FY2021-22, FY2022-23, FY2023-24, FY2024-25","Andhra Pradesh, Karnataka, Madhya Pradesh, Maharashtra, Tamil Nadu, Telangana, Uttar Pradesh, West Bengal","safe_drinking_water, sanitation",MCA records show CSR activity in water/sanitation sectors,MCA CSR Data Export,2026-09-04
116,96.0,PERFETTI VAN MELLE INDIA PRIVATE LIMITED,FY2024-25,1.5117892,1.5117892,0.0,8.0,0.0,8.0,13,"FY2017-18, FY2018-19, FY2019-20, FY2020-21, FY2021-22, FY2022-23, FY2023-24, FY2024-25","Haryana, Karnataka, Tamil Nadu, West Bengal",safe_drinking_water,MCA records show CSR activity in water/sanitation sectors,MCA CSR Data Export,2026-09-04
117,95.97,RAMKRISHNA FORGINGS LTD,FY2024-25,1.7268174,1.0557104,0.6711069999999999,5.0,5.0,10.0,13,"FY2017-18, FY2018-19, FY2019-20, FY2021-22, FY2022-23, FY2023-24, FY2024-25",Jharkhand,"safe_drinking_water, sanitation",MCA records show CSR activity in water/sanitation sectors,MCA CSR Data Export,2026-09-04
118,95.96,BHARAT COKING COAL LIMITED,FY2024-25,1.592069425,1.256284171,0.335785254,4.0,5.0,9.0,21,"FY2019-20, FY2021-22, FY2022-23, FY2023-24, FY2024-25",Jharkhand,"safe_drinking_water, sanitation",MCA records show CSR activity in water/sanitation sectors,MCA CSR Data Export,2026-09-04
119,95.94,AVADH SUGAR & ENERGY LIMITED,FY2024-25,3.7113219,0.3721219,3.3392,7.0,4.0,11.0,29,"FY2017-18, FY2018-19, FY2019-20, FY2020-21, FY2021-22, FY2022-23, FY2023-24, FY2024-25",Uttar Pradesh,"safe_drinking_water, sanitation",MCA records show CSR activity in water/sanitation sectors,MCA CSR Data Export,2026-09-04
120,95.91,COAL INDIA LIMITED,FY2024-25,14.3247802,2.2783846,12.0463956,2.0,2.0,4.0,17,"FY2023-24, FY2024-25","Andhra Pradesh, Bihar, Gujarat, Jharkhand, Pan India, West Bengal","safe_drinking_water, sanitation",MCA records show CSR activity in water/sanitation sectors,MCA CSR Data Export,2026-09-04
121,95.91,BSR INFRATECH INDIA LIMITED,FY2024-25,1.6331668,1.125,0.5081668,4.0,4.0,8.0,8,"FY2017-18, FY2021-22, FY2022-23, FY2023-24, FY2024-25",Andhra Pradesh,"safe_drinking_water, sanitation",MCA records show CSR activity in water/sanitation sectors,MCA CSR Data Export,2026-09-04
122,95.9,KARNATAKA STATE MINERALS CORPORATION LIMITED,FY2023-24,4.767,1.367,3.4,4.0,4.0,8.0,8,"FY2016-17, FY2017-18, FY2019-20, FY2022-23, FY2023-24",Karnataka,"safe_drinking_water, sanitation",MCA records show CSR activity in water/sanitation sectors,MCA CSR Data Export,2026-09-04
123,95.88,EXXONMOBIL SERVICES & TECHNOLOGY PRIVATE LIMITED,FY2024-25,2.0955169,0.6291247,1.4663922,3.0,3.0,6.0,8,"FY2018-19, FY2020-21, FY2023-24, FY2024-25","Karnataka, Kerala","safe_drinking_water, sanitation",MCA records show CSR activity in water/sanitation sectors,MCA CSR Data Export,2026-09-04
124,95.79,SUN PHARMA DISTRIBUTORS LIMITED,FY2024-25,1.4103525,1.3703525,0.04,5.0,1.0,6.0,12,"FY2020-21, FY2021-22, FY2022-23, FY2023-24, FY2024-25","Gujarat, Maharashtra, Tamil Nadu","safe_drinking_water, sanitation",MCA records show CSR activity in water/sanitation sectors,MCA CSR Data Export,2026-09-04
125,95.77,ASIAN PAINTS LIMITED,FY2022-23,35.330748802,33.749,1.581748802,7.0,2.0,9.0,16,"FY2016-17, FY2017-18, FY2018-19, FY2019-20, FY2020-21, FY2021-22, FY2022-23","Andhra Pradesh, Haryana, Karnataka, Pan India, Tamil Nadu","safe_drinking_water, sanitation",MCA records show CSR activity in water/sanitation sectors,MCA CSR Data Export,2026-09-04
126,95.74,JK PAPER LIMITED,FY2024-25,1.6409234,0.9505786,0.6903448,2.0,3.0,5.0,6,"FY2022-23, FY2023-24, FY2024-25","Gujarat, Odisha","safe_drinking_water, sanitation",MCA records show CSR activity in water/sanitation sectors,MCA CSR Data Export,2026-09-04
127,95.72,HINDUSTAN COCA-COLA BEVERAGES PRIVATE LIMITED,FY2024-25,16.5983381,1.5750000000000002,15.0233381,2.0,2.0,4.0,4,"FY2018-19, FY2019-20, FY2023-24, FY2024-25","Gujarat, Maharashtra, Pan India","safe_drinking_water, sanitation",MCA records show CSR activity in water/sanitation sectors,MCA CSR Data Export,2026-09-04
128,95.7,VEDANTA LIMITED,FY2022-23,31.749168084,21.619168084,10.13,6.0,4.0,10.0,33,"FY2016-17, FY2017-18, FY2018-19, FY2019-20, FY2020-21, FY2021-22, FY2022-23","Goa, Odisha, Pan India, Rajasthan, Tamil Nadu","safe_drinking_water, sanitation",MCA records show CSR activity in water/sanitation sectors,MCA CSR Data Export,2026-09-04
129,95.69,OIL AND NATURAL GAS CORPORATION LIMITED,FY2022-23,150.3374384,5.934,144.4034384,2.0,6.0,8.0,12,"FY2016-17, FY2017-18, FY2018-19, FY2019-20, FY2021-22, FY2022-23","Andhra Pradesh, Delhi, Haryana, Pan India, Tripura, Uttar Pradesh","safe_drinking_water, sanitation",MCA records show CSR activity in water/sanitation sectors,MCA CSR Data Export,2026-09-04
130,95.68,KOHLER INDIA CORPORATION PRIVATE LIMITED,FY2024-25,1.8220202,0.705255,1.1167652,3.0,4.0,7.0,9,"FY2019-20, FY2020-21, FY2021-22, FY2022-23, FY2024-25","Delhi, Gujarat, Haryana, Pan India, Rajasthan","safe_drinking_water, sanitation",MCA records show CSR activity in water/sanitation sectors,MCA CSR Data Export,2026-09-04
131,95.64,AKAMAI TECHNOLOGIES INDIA PRIVATE LIMITED,FY2024-25,5.5733537,5.5733537,0.0,4.0,0.0,4.0,5,"FY2019-20, FY2022-23, FY2023-24, FY2024-25","Karnataka, Tamil Nadu",safe_drinking_water,MCA records show CSR activity in water/sanitation sectors,MCA CSR Data Export,2026-09-04
132,95.58,NATIONAL STOCK EXCHANGE OF INDIA LTD.,FY2022-23,59.3178331,5.6332152,53.6846179,2.0,6.0,8.0,129,"FY2017-18, FY2018-19, FY2019-20, FY2020-21, FY2021-22, FY2022-23","Jharkhand, Kerala, Madhya Pradesh, Maharashtra, Pan India, Rajasthan, Tamil Nadu, West Bengal","safe_drinking_water, sanitation",MCA records show CSR activity in water/sanitation sectors,MCA CSR Data Export,2026-09-04
133,95.57,HYUNDAI MOTOR INDIA LIMITED,FY2024-25,5.2391546,5.09395,0.1452046,3.0,1.0,4.0,4,"FY2021-22, FY2023-24, FY2024-25","Madhya Pradesh, Maharashtra, Tamil Nadu","safe_drinking_water, sanitation",MCA records show CSR activity in water/sanitation sectors,MCA CSR Data Export,2026-09-04
134,95.57,EASTERN COALFIELDS LTD,FY2023-24,2.9873177,2.0605408,0.9267769,4.0,2.0,6.0,21,"FY2019-20, FY2021-22, FY2022-23, FY2023-24","Nec/Not Mentioned, West Bengal","safe_drinking_water, sanitation",MCA records show CSR activity in water/sanitation sectors,MCA CSR Data Export,2026-09-04
135,95.57,S G S INDIA PRIVATE LIMITED,FY2023-24,2.7984718,2.5484718,0.25,7.0,1.0,8.0,18,"FY2017-18, FY2018-19, FY2019-20, FY2020-21, FY2021-22, FY2022-23, FY2023-24","Haryana, Karnataka, Maharashtra, Pan India","safe_drinking_water, sanitation",MCA records show CSR activity in water/sanitation sectors,MCA CSR Data Export,2026-09-04
136,95.54,MAZAGON DOCK SHIPBUILDERS LIMITED,FY2024-25,12.74185847,0.2,12.54185847,1.0,6.0,7.0,18,"FY2017-18, FY2018-19, FY2019-20, FY2021-22, FY2022-23, FY2023-24, FY2024-25","Madhya Pradesh, Maharashtra, Pan India","safe_drinking_water, sanitation",MCA records show CSR activity in water/sanitation sectors,MCA CSR Data Export,2026-09-04
137,95.4,THE FEDERAL BANK LTD,FY2024-25,1.5541341,0.7338020000000001,0.8203321,4.0,3.0,7.0,113,"FY2021-22, FY2022-23, FY2023-24, FY2024-25","Assam, Bihar, Haryana, Himachal Pradesh, Jharkhand, Karnataka, Kerala, Madhya Pradesh, Maharashtra, Meghalaya, Nagaland, Odisha, Punjab, Tamil Nadu, Tripura, Uttar Pradesh, West Bengal","safe_drinking_water, sanitation",MCA records show CSR activity in water/sanitation sectors,MCA CSR Data Export,2026-09-04
138,95.4,OPTIMUS DRUGS PRIVATE LIMITED,FY2024-25,1.3451719,0.9961621,0.3490098,4.0,4.0,8.0,20,"FY2017-18, FY2018-19, FY2020-21, FY2021-22, FY2022-23, FY2024-25","Andhra Pradesh, Telangana","safe_drinking_water, sanitation",MCA records show CSR activity in water/sanitation sectors,MCA CSR Data Export,2026-09-04
139,95.39,INTERGLOBE AIR TRANSPORT LIMITED,FY2024-25,2.4850513,0.3900513,2.095,2.0,3.0,5.0,6,"FY2016-17, FY2017-18, FY2018-19, FY2023-24, FY2024-25","Haryana, Odisha, Rajasthan","safe_drinking_water, sanitation",MCA records show CSR activity in water/sanitation sectors,MCA CSR Data Export,2026-09-04
140,95.37,HETERO DRUGS LIMITED,FY2024-25,1.2369507,1.2369507,0.0,6.0,0.0,6.0,6,"FY2016-17, FY2017-18, FY2020-21, FY2021-22, FY2023-24, FY2024-25",Telangana,safe_drinking_water,MCA records show CSR activity in water/sanitation sectors,MCA CSR Data Export,2026-09-04
141,95.36,BHUBANESWARI COAL MINING LIMITED,FY2024-25,1.231944591,1.231944591,0.0,5.0,0.0,5.0,6,"FY2018-19, FY2019-20, FY2020-21, FY2023-24, FY2024-25",Odisha,safe_drinking_water,MCA records show CSR activity in water/sanitation sectors,MCA CSR Data Export,2026-09-04
142,95.34,AU SMALL FINANCE BANK LIMITED,FY2024-25,1.2982061,1.0282061,0.27,5.0,1.0,6.0,6,"FY2017-18, FY2020-21, FY2022-23, FY2023-24, FY2024-25","Pan India, Rajasthan","safe_drinking_water, sanitation",MCA records show CSR activity in water/sanitation sectors,MCA CSR Data Export,2026-09-04
143,95.33,JSW HYDRO ENERGY LIMITED,FY2024-25,1.4577068,0.7676638,0.690043,4.0,4.0,8.0,8,"FY2020-21, FY2022-23, FY2023-24, FY2024-25",Himachal Pradesh,"safe_drinking_water, sanitation",MCA records show CSR activity in water/sanitation sectors,MCA CSR Data Export,2026-09-04
144,95.25,NICHINO INDIA PRIVATE LIMITED,FY2024-25,1.19868,1.19868,0.0,5.0,0.0,5.0,8,"FY2020-21, FY2021-22, FY2022-23, FY2023-24, FY2024-25","Andhra Pradesh, Karnataka, Pan India, Tamil Nadu, Telangana",safe_drinking_water,MCA records show CSR activity in water/sanitation sectors,MCA CSR Data Export,2026-09-04
145,95.24,JHAJJAR POWER LIMITED.,FY2024-25,2.3232101,0.3822911,1.940919,4.0,4.0,8.0,9,"FY2016-17, FY2017-18, FY2018-19, FY2020-21, FY2023-24, FY2024-25",Haryana,"safe_drinking_water, sanitation",MCA records show CSR activity in water/sanitation sectors,MCA CSR Data Export,2026-09-04
146,95.2,DEV SALT PRIVATE LIMITED,FY2024-25,1.174288,1.174288,0.0,5.0,0.0,5.0,5,"FY2020-21, FY2021-22, FY2022-23, FY2023-24, FY2024-25",Gujarat,safe_drinking_water,MCA records show CSR activity in water/sanitation sectors,MCA CSR Data Export,2026-09-04
147,95.19,NSE CLEARING LIMITED,FY2022-23,14.7864333,4.6950486,10.0913847,5.0,5.0,10.0,118,"FY2018-19, FY2019-20, FY2020-21, FY2021-22, FY2022-23","Jharkhand, Kerala, Madhya Pradesh, Maharashtra, Pan India, Rajasthan, Tamil Nadu, West Bengal","safe_drinking_water, sanitation",MCA records show CSR activity in water/sanitation sectors,MCA CSR Data Export,2026-09-04
148,95.13,MRF LIMITED,FY2024-25,1.3820888999999998,0.7275834,0.6545055,4.0,3.0,7.0,13,"FY2018-19, FY2019-20, FY2021-22, FY2022-23, FY2023-24, FY2024-25","Goa, Puducherry, Tamil Nadu, Telangana","safe_drinking_water, sanitation",MCA records show CSR activity in water/sanitation sectors,MCA CSR Data Export,2026-09-04
149,95.12,RADICO KHAITAN LIMITED,FY2024-25,3.570853,0.252153,3.3187,3.0,2.0,5.0,6,"FY2018-19, FY2019-20, FY2020-21, FY2024-25",Uttar Pradesh,"safe_drinking_water, sanitation",MCA records show CSR activity in water/sanitation sectors,MCA CSR Data Export,2026-09-04
150,95.11,KAMARAJAR PORT LIMITED,FY2024-25,5.3601809,1.657,3.7031809,2.0,2.0,4.0,5,"FY2016-17, FY2017-18, FY2024-25",Tamil Nadu,"safe_drinking_water, sanitation",MCA records show CSR activity in water/sanitation sectors,MCA CSR Data Export,2026-09-04
151,95.1,BA CONTINUUM INDIA PRIVATE LIMITED,FY2022-23,10.8840616,5.654999999999999,5.2290616,3.0,3.0,6.0,6,"FY2017-18, FY2018-19, FY2019-20, FY2021-22, FY2022-23","Delhi, Haryana, Pan India","safe_drinking_water, sanitation",MCA records show CSR activity in water/sanitation sectors,MCA CSR Data Export,2026-09-04
152,95.05,SAPTAGIR CAMPHOR PRIVATE LIMITED,FY2024-25,1.1249774,1.1249774,0.0,6.0,0.0,6.0,6,"FY2018-19, FY2019-20, FY2020-21, FY2021-22, FY2022-23, FY2024-25","Andhra Pradesh, Telangana",safe_drinking_water,MCA records show CSR activity in water/sanitation sectors,MCA CSR Data Export,2026-09-04
153,94.94,GUJARAT INDUSTRIES POWER COMPANY LTD.,FY2024-25,2.6831232,0.2851246,2.3979986,2.0,3.0,5.0,14,"FY2022-23, FY2023-24, FY2024-25",Gujarat,"safe_drinking_water, sanitation",MCA records show CSR activity in water/sanitation sectors,MCA CSR Data Export,2026-09-04
154,94.93,COAL INDIA LTD GOVT OF INDIA UNDERTAKING,FY2022-23,8.690328000000001,4.9181,3.772228,4.0,7.0,11.0,33,"FY2016-17, FY2017-18, FY2018-19, FY2019-20, FY2020-21, FY2021-22, FY2022-23","Arunachal Pradesh, Delhi, Jammu And Kashmir, Jharkhand, Madhya Pradesh, Uttar Pradesh, West Bengal","safe_drinking_water, sanitation",MCA records show CSR activity in water/sanitation sectors,MCA CSR Data Export,2026-09-04
155,94.91,LEE PHARMA LIMITED,FY2024-25,1.0840606,1.0840606,0.0,9.0,0.0,9.0,9,"FY2016-17, FY2017-18, FY2018-19, FY2019-20, FY2020-21, FY2021-22, FY2022-23, FY2023-24, FY2024-25",Telangana,safe_drinking_water,MCA records show CSR activity in water/sanitation sectors,MCA CSR Data Export,2026-09-04
156,94.86,RE SUSTAINABILITY IWM SOLUTIONS LIMITED,FY2024-25,1.0988465,0.9905117,0.1083348,4.0,1.0,5.0,13,"FY2021-22, FY2022-23, FY2023-24, FY2024-25","Karnataka, Rajasthan, Tamil Nadu, Telangana, West Bengal","safe_drinking_water, sanitation",MCA records show CSR activity in water/sanitation sectors,MCA CSR Data Export,2026-09-04
157,94.8,THE SINGARENI COLLIERIES COMPANY LIMITED,FY2024-25,1.1150771,0.9031958,0.2118813,4.0,3.0,7.0,13,"FY2021-22, FY2022-23, FY2023-24, FY2024-25",Telangana,"safe_drinking_water, sanitation",MCA records show CSR activity in water/sanitation sectors,MCA CSR Data Export,2026-09-04
158,94.79,MARICO LIMITED,FY2024-25,3.2407135,2.56,0.6807135,2.0,2.0,4.0,5,"FY2017-18, FY2018-19, FY2023-24, FY2024-25",Pan India,"safe_drinking_water, sanitation",MCA records show CSR activity in water/sanitation sectors,MCA CSR Data Export,2026-09-04
159,94.69,J. K. CEMENT LIMITED.,FY2024-25,1.0549799,0.9538203,0.1011595999999999,5.0,3.0,8.0,16,"FY2016-17, FY2017-18, FY2018-19, FY2019-20, FY2020-21, FY2024-25","Delhi, Haryana, Madhya Pradesh, Rajasthan","safe_drinking_water, sanitation",MCA records show CSR activity in water/sanitation sectors,MCA CSR Data Export,2026-09-04
160,94.6,TEXAS INSTRUMENTS (INDIA) PRIVATE LIMITED,FY2024-25,3.5988645,1.395,2.2038645,2.0,2.0,4.0,4,"FY2021-22, FY2022-23, FY2023-24, FY2024-25",Karnataka,"safe_drinking_water, sanitation",MCA records show CSR activity in water/sanitation sectors,MCA CSR Data Export,2026-09-04
161,94.59,NAVA BHARAT ENERGY INDIA LIMITED,FY2024-25,1.0998,0.7519,0.3479,3.0,2.0,5.0,6,"FY2016-17, FY2018-19, FY2024-25",Telangana,"safe_drinking_water, sanitation",MCA records show CSR activity in water/sanitation sectors,MCA CSR Data Export,2026-09-04
162,94.53,STAR CHEMICALS (BOMBAY) PRIVATE LIMITED,FY2024-25,1.05,0.83,0.22,6.0,2.0,8.0,8,"FY2017-18, FY2018-19, FY2019-20, FY2021-22, FY2022-23, FY2023-24, FY2024-25","Gujarat, Tamil Nadu","safe_drinking_water, sanitation",MCA records show CSR activity in water/sanitation sectors,MCA CSR Data Export,2026-09-04
163,94.53,NABSAMRUDDHI FINANCE LIMITED,FY2024-25,1.028170998,0.885107398,0.1430636,4.0,2.0,6.0,7,"FY2020-21, FY2021-22, FY2022-23, FY2023-24, FY2024-25","Bihar, Maharashtra, Rajasthan, Uttar Pradesh","safe_drinking_water, sanitation",MCA records show CSR activity in water/sanitation sectors,MCA CSR Data Export,2026-09-04
164,94.52,JINDAL SAW LIMITED,FY2024-25,27.030951473,0.1155173,26.915434173,2.0,4.0,6.0,13,"FY2021-22, FY2022-23, FY2023-24, FY2024-25","Andhra Pradesh, Gujarat, Karnataka, Rajasthan, Uttar Pradesh","safe_drinking_water, sanitation",MCA records show CSR activity in water/sanitation sectors,MCA CSR Data Export,2026-09-04
165,94.5,ION EXCHANGE (INDIA) LIMITED,FY2024-25,1.1173519,0.6894386,0.4279133,7.0,5.0,12.0,38,"FY2017-18, FY2018-19, FY2019-20, FY2020-21, FY2021-22, FY2022-23, FY2023-24, FY2024-25","Chhattisgarh, Delhi, Goa, Gujarat, Karnataka, Kerala, Maharashtra, Punjab, Rajasthan, Tamil Nadu, Telangana","safe_drinking_water, sanitation",MCA records show CSR activity in water/sanitation sectors,MCA CSR Data Export,2026-09-04
166,94.46,GUJARAT ALKALIES AND CHEMICALS LIMITED,FY2023-24,1.8593173,1.6347683,0.224549,3.0,2.0,5.0,9,"FY2019-20, FY2020-21, FY2021-22, FY2023-24",Gujarat,"safe_drinking_water, sanitation",MCA records show CSR activity in water/sanitation sectors,MCA CSR Data Export,2026-09-04
167,94.39,KAJARIA CERAMICS LIMITED,FY2024-25,12.1166926,0.1217,11.9949926,1.0,8.0,9.0,29,"FY2017-18, FY2018-19, FY2019-20, FY2020-21, FY2021-22, FY2022-23, FY2023-24, FY2024-25","Andhra Pradesh, Delhi, Pan India, Rajasthan, Uttar Pradesh","safe_drinking_water, sanitation",MCA records show CSR activity in water/sanitation sectors,MCA CSR Data Export,2026-09-04
168,94.37,NACL INDUSTRIES LIMITED,FY2024-25,2.5064,2.5064,0.0,4.0,0.0,4.0,4,"FY2021-22, FY2022-23, FY2023-24, FY2024-25",Andhra Pradesh,safe_drinking_water,MCA records show CSR activity in water/sanitation sectors,MCA CSR Data Export,2026-09-04
169,94.29,INDIAN METALS AND FERRO ALLOYS LTD.,FY2024-25,1.1583145,0.5305434,0.6277711,3.0,3.0,6.0,16,"FY2022-23, FY2023-24, FY2024-25",Odisha,"safe_drinking_water, sanitation",MCA records show CSR activity in water/sanitation sectors,MCA CSR Data Export,2026-09-04
170,94.28,AMBUJA CEMENTS LIMITED,FY2023-24,19.31,5.0,14.31,2.0,2.0,4.0,5,"FY2015-16, FY2022-23, FY2023-24","Andhra Pradesh, Gujarat, Punjab, Rajasthan","safe_drinking_water, sanitation",MCA records show CSR activity in water/sanitation sectors,MCA CSR Data Export,2026-09-04
171,94.25,THE SUPREME INDUSTRIES LIMITED,FY2024-25,6.9137,0.1371,6.7766,1.0,6.0,7.0,14,"FY2018-19, FY2020-21, FY2021-22, FY2022-23, FY2023-24, FY2024-25","Gujarat, Maharashtra, Pan India, Rajasthan","safe_drinking_water, sanitation",MCA records show CSR activity in water/sanitation sectors,MCA CSR Data Export,2026-09-04
172,94.21,NLC TAMIL NADU POWER LIMITED,FY2024-25,2.42115,0.2268,2.19435,2.0,3.0,5.0,10,"FY2018-19, FY2022-23, FY2024-25",Tamil Nadu,"safe_drinking_water, sanitation",MCA records show CSR activity in water/sanitation sectors,MCA CSR Data Export,2026-09-04
173,94.16,PETRONET MHB LIMITED,FY2024-25,3.5154241,0.1732,3.3422241,1.0,5.0,6.0,24,"FY2018-19, FY2020-21, FY2022-23, FY2023-24, FY2024-25",Karnataka,"safe_drinking_water, sanitation",MCA records show CSR activity in water/sanitation sectors,MCA CSR Data Export,2026-09-04
174,94.09,FINOVA CAPITAL PRIVATE LIMITED,FY2024-25,0.934681768,0.814210668,0.1204711,6.0,2.0,8.0,31,"FY2018-19, FY2019-20, FY2020-21, FY2021-22, FY2022-23, FY2023-24, FY2024-25","Madhya Pradesh, Pan India, Rajasthan, Uttar Pradesh","safe_drinking_water, sanitation",MCA records show CSR activity in water/sanitation sectors,MCA CSR Data Export,2026-09-04
175,94.06,DCB BANK LIMITED,FY2023-24,1.7485679,1.1374754,0.6110925,2.0,6.0,8.0,27,"FY2018-19, FY2019-20, FY2020-21, FY2021-22, FY2022-23, FY2023-24","Andhra Pradesh, Bihar, Delhi, Gujarat, Maharashtra, Pan India, Punjab, Rajasthan, Tamil Nadu, Telangana, West Bengal","safe_drinking_water, sanitation",MCA records show CSR activity in water/sanitation sectors,MCA CSR Data Export,2026-09-04
176,93.98,SRI KUMARASWAMY MINERAL EXPORTS PRIVATE LIMITED,FY2024-25,0.92713,0.7341326,0.1929974,4.0,1.0,5.0,5,"FY2019-20, FY2020-21, FY2022-23, FY2024-25",Karnataka,"safe_drinking_water, sanitation",MCA records show CSR activity in water/sanitation sectors,MCA CSR Data Export,2026-09-04
177,93.97,CALDERYS INDIA REFRACTORIES LIMITED,FY2024-25,0.9754,0.6398999999999999,0.3355,2.0,3.0,5.0,5,"FY2017-18, FY2018-19, FY2024-25","Maharashtra, Odisha","safe_drinking_water, sanitation",MCA records show CSR activity in water/sanitation sectors,MCA CSR Data Export,2026-09-04
178,93.91,RANE (MADRAS) LIMITED,FY2024-25,2.0764985,2.0628485,0.01365,3.0,1.0,4.0,4,"FY2019-20, FY2021-22, FY2023-24, FY2024-25","Puducherry, Tamil Nadu","safe_drinking_water, sanitation",MCA records show CSR activity in water/sanitation sectors,MCA CSR Data Export,2026-09-04
179,93.91,JSW JAIGARH PORT LIMITED,FY2024-25,1.680223551,0.28,1.4002235509999998,1.0,6.0,7.0,7,"FY2017-18, FY2020-21, FY2021-22, FY2022-23, FY2023-24, FY2024-25","Maharashtra, Odisha","safe_drinking_water, sanitation",MCA records show CSR activity in water/sanitation sectors,MCA CSR Data Export,2026-09-04
180,93.88,BHARAT ALUMINIUM CO LTD,FY2024-25,0.8865421,0.734888,0.1516541,2.0,4.0,6.0,8,"FY2020-21, FY2021-22, FY2022-23, FY2023-24, FY2024-25",Chhattisgarh,"safe_drinking_water, sanitation",MCA records show CSR activity in water/sanitation sectors,MCA CSR Data Export,2026-09-04
181,93.85,PRODAIR AIR PRODUCTS INDIA PRIVATE LIMITED,FY2024-25,2.0473,1.9233,0.124,3.0,1.0,4.0,6,"FY2022-23, FY2023-24, FY2024-25","Bihar, Gujarat, Kerala, Maharashtra","safe_drinking_water, sanitation",MCA records show CSR activity in water/sanitation sectors,MCA CSR Data Export,2026-09-04
182,93.84,IFCI VENTURE CAPITAL FUNDS LIMITED,FY2024-25,1.4877553,0.3049236,1.1828317,2.0,3.0,5.0,7,"FY2016-17, FY2017-18, FY2018-19, FY2023-24, FY2024-25","Haryana, Maharashtra, Pan India, Tamil Nadu, Uttar Pradesh, West Bengal","safe_drinking_water, sanitation",MCA records show CSR activity in water/sanitation sectors,MCA CSR Data Export,2026-09-04
183,93.83,MAHARASHTRA STATE POWER GENERATION COMPANY LIMITED,FY2023-24,6.4512831,6.4512831,0.0,4.0,0.0,4.0,6,"FY2016-17, FY2017-18, FY2019-20, FY2023-24",Maharashtra,safe_drinking_water,MCA records show CSR activity in water/sanitation sectors,MCA CSR Data Export,2026-09-04
184,93.82,HERE SOLUTIONS INDIA PRIVATE LIMITED,FY2024-25,1.8893785,0.24,1.6493785,1.0,5.0,6.0,6,"FY2017-18, FY2020-21, FY2021-22, FY2022-23, FY2023-24, FY2024-25",Maharashtra,"safe_drinking_water, sanitation",MCA records show CSR activity in water/sanitation sectors,MCA CSR Data Export,2026-09-04
185,93.8,SHRI BAJRANG POWER AND ISPAT LIMITED,FY2024-25,0.839325277,0.839325277,0.0,7.0,0.0,7.0,9,"FY2017-18, FY2018-19, FY2019-20, FY2020-21, FY2022-23, FY2023-24, FY2024-25",Chhattisgarh,safe_drinking_water,MCA records show CSR activity in water/sanitation sectors,MCA CSR Data Export,2026-09-04
186,93.78,NAVA LIMITED,FY2024-25,0.8376,0.8326,0.005,4.0,1.0,5.0,15,"FY2021-22, FY2022-23, FY2023-24, FY2024-25","Odisha, Telangana","safe_drinking_water, sanitation",MCA records show CSR activity in water/sanitation sectors,MCA CSR Data Export,2026-09-04
187,93.7,TIME TECHNOPLAST LIMITED,FY2022-23,2.9222572,2.7417572,0.1805,6.0,1.0,7.0,8,"FY2016-17, FY2017-18, FY2018-19, FY2019-20, FY2021-22, FY2022-23","Daman And Diu, Pan India","safe_drinking_water, sanitation",MCA records show CSR activity in water/sanitation sectors,MCA CSR Data Export,2026-09-04
188,93.65,HAR PARSHAD AND COMPANY PRIVATE LIMITED,FY2024-25,0.809491,0.809491,0.0,6.0,0.0,6.0,7,"FY2018-19, FY2019-20, FY2020-21, FY2022-23, FY2023-24, FY2024-25",Haryana,safe_drinking_water,MCA records show CSR activity in water/sanitation sectors,MCA CSR Data Export,2026-09-04
189,93.64,SJVN LIMITED,FY2023-24,6.8956671,3.0,3.8956671,1.0,3.0,4.0,7,"FY2018-19, FY2022-23, FY2023-24","Arunachal Pradesh, Himachal Pradesh, Pan India","safe_drinking_water, sanitation",MCA records show CSR activity in water/sanitation sectors,MCA CSR Data Export,2026-09-04
190,93.59,ADI MOHINI MOHAN KANJILAL MARKETING PRIVATE LIMITED,FY2024-25,0.865,0.63,0.235,4.0,2.0,6.0,6,"FY2017-18, FY2019-20, FY2020-21, FY2022-23, FY2023-24, FY2024-25",West Bengal,"safe_drinking_water, sanitation",MCA records show CSR activity in water/sanitation sectors,MCA CSR Data Export,2026-09-04
191,93.59,STAHL INDIA PRIVATE LIMITED,FY2024-25,0.821807077,0.724052377,0.0977547,7.0,1.0,8.0,12,"FY2018-19, FY2019-20, FY2020-21, FY2021-22, FY2022-23, FY2023-24, FY2024-25",Tamil Nadu,"safe_drinking_water, sanitation",MCA records show CSR activity in water/sanitation sectors,MCA CSR Data Export,2026-09-04
192,93.58,THE KARNATAKA BANK LIMITED,FY2024-25,1.3166811,0.3066737,1.0100074,2.0,3.0,5.0,45,"FY2019-20, FY2021-22, FY2024-25","Delhi, Karnataka, Kerala, Maharashtra, Meghalaya, Tamil Nadu","safe_drinking_water, sanitation",MCA records show CSR activity in water/sanitation sectors,MCA CSR Data Export,2026-09-04
193,93.56,MEDREICH LIMITED,FY2024-25,0.7878000000000001,0.7732,0.0146,4.0,1.0,5.0,6,"FY2019-20, FY2020-21, FY2022-23, FY2024-25","Karnataka, Pan India","safe_drinking_water, sanitation",MCA records show CSR activity in water/sanitation sectors,MCA CSR Data Export,2026-09-04
194,93.55,ATLAS COPCO (INDIA) LIMITED,FY2021-22,19.879,19.879,0.0,6.0,0.0,6.0,13,"FY2016-17, FY2017-18, FY2018-19, FY2019-20, FY2020-21, FY2021-22","Maharashtra, Telangana",safe_drinking_water,MCA records show CSR activity in water/sanitation sectors,MCA CSR Data Export,2026-09-04
195,93.54,PERNOD RICARD INDIA PRIVATE LIMITED,FY2021-22,20.959356,17.3532947,3.6060613,3.0,3.0,6.0,10,"FY2016-17, FY2017-18, FY2018-19, FY2021-22","Jharkhand, Maharashtra, Odisha, Pan India, Rajasthan","safe_drinking_water, sanitation",MCA records show CSR activity in water/sanitation sectors,MCA CSR Data Export,2026-09-04
196,93.48,AISSHPRA COMPANY PRIVATE LIMITED,FY2024-25,1.8127938,1.7831937999999998,0.0296,2.0,2.0,4.0,12,"FY2023-24, FY2024-25",Uttar Pradesh,"safe_drinking_water, sanitation",MCA records show CSR activity in water/sanitation sectors,MCA CSR Data Export,2026-09-04
197,93.42,ALFA LAVAL INDIA PRIVATE LIMITED,FY2024-25,2.6807291,0.6817291,1.999,2.0,2.0,4.0,7,"FY2017-18, FY2018-19, FY2023-24, FY2024-25","Maharashtra, Rajasthan, Tamil Nadu","safe_drinking_water, sanitation",MCA records show CSR activity in water/sanitation sectors,MCA CSR Data Export,2026-09-04
198,93.4,INDIAN SYNTHETIC RUBBER PRIVATE LIMITED,FY2024-25,2.3024429,0.8668488,1.4355941,1.0,3.0,4.0,7,"FY2019-20, FY2023-24, FY2024-25",Haryana,"safe_drinking_water, sanitation",MCA records show CSR activity in water/sanitation sectors,MCA CSR Data Export,2026-09-04
199,93.38,VINATI ORGANICS LIMITED,FY2024-25,1.9278605,0.1986,1.7292605,6.0,3.0,9.0,16,"FY2018-19, FY2020-21, FY2021-22, FY2022-23, FY2023-24, FY2024-25",Maharashtra,"safe_drinking_water, sanitation",MCA records show CSR activity in water/sanitation sectors,MCA CSR Data Export,2026-09-04
200,93.34,JINDAL INDUSTRIES PRIVATE LIMITED,FY2024-25,0.8106776,0.5985249,0.2121527,5.0,4.0,9.0,10,"FY2015-16, FY2017-18, FY2018-19, FY2019-20, FY2020-21, FY2021-22, FY2022-23, FY2023-24, FY2024-25","Haryana, Maharashtra","safe_drinking_water, sanitation",MCA records show CSR activity in water/sanitation sectors,MCA CSR Data Export,2026-09-04
201,93.18,INFINITE WATER SOLUTIONS PRIVATE LIMITED,FY2023-24,1.1709824,1.1709824,0.0,7.0,0.0,7.0,8,"FY2016-17, FY2017-18, FY2018-19, FY2019-20, FY2020-21, FY2021-22, FY2023-24","Maharashtra, Pan India",safe_drinking_water,MCA records show CSR activity in water/sanitation sectors,MCA CSR Data Export,2026-09-04
202,93.17,IDFC FIRST BANK LIMITED,FY2023-24,3.846746157,0.248424795,3.598321362,1.0,5.0,6.0,6,"FY2018-19, FY2019-20, FY2020-21, FY2021-22, FY2022-23, FY2023-24","Maharashtra, Odisha","safe_drinking_water, sanitation",MCA records show CSR activity in water/sanitation sectors,MCA CSR Data Export,2026-09-04
203,93.16,GAGAN FERROTECH LIMITED,FY2024-25,0.7741094,0.5630714,0.211038,3.0,2.0,5.0,5,"FY2020-21, FY2022-23, FY2023-24, FY2024-25",West Bengal,"safe_drinking_water, sanitation",MCA records show CSR activity in water/sanitation sectors,MCA CSR Data Export,2026-09-04
204,93.15,ONGC TRIPURA POWER COMPANY LIMITED,FY2024-25,1.7740911,1.200755,0.5733361,2.0,2.0,4.0,9,"FY2017-18, FY2023-24, FY2024-25",Tripura,"safe_drinking_water, sanitation",MCA records show CSR activity in water/sanitation sectors,MCA CSR Data Export,2026-09-04
205,93.14,J.K. FENNER (INDIA) LIMITED,FY2024-25,0.9382267,0.4212612,0.5169655,4.0,3.0,7.0,11,"FY2018-19, FY2019-20, FY2022-23, FY2023-24, FY2024-25","Pan India, Tamil Nadu, Telangana","safe_drinking_water, sanitation",MCA records show CSR activity in water/sanitation sectors,MCA CSR Data Export,2026-09-04
206,92.98,PRISM JOHNSON LIMITED,FY2024-25,0.711692767,0.680061277,0.03163149,7.0,1.0,8.0,19,"FY2018-19, FY2019-20, FY2020-21, FY2021-22, FY2022-23, FY2023-24, FY2024-25","Karnataka, Madhya Pradesh, Maharashtra","safe_drinking_water, sanitation",MCA records show CSR activity in water/sanitation sectors,MCA CSR Data Export,2026-09-04
207,92.94,HONOUR LAB LIMITED,FY2024-25,0.8834270999999999,0.4072899999999999,0.4761371,3.0,6.0,9.0,9,"FY2017-18, FY2018-19, FY2019-20, FY2020-21, FY2022-23, FY2023-24, FY2024-25","Andhra Pradesh, Maharashtra, Telangana","safe_drinking_water, sanitation",MCA records show CSR activity in water/sanitation sectors,MCA CSR Data Export,2026-09-04
208,92.93,TECHFAB (INDIA) INDUSTRIES LIMITED,FY2024-25,0.7021507,0.6995547,0.002596,5.0,1.0,6.0,8,"FY2017-18, FY2020-21, FY2021-22, FY2022-23, FY2023-24, FY2024-25",Dadra & Nagar Haveli,"safe_drinking_water, sanitation",MCA records show CSR activity in water/sanitation sectors,MCA CSR Data Export,2026-09-04
209,92.91,ADITYA BIRLA FASHION AND RETAIL LIMITED,FY2024-25,1.7516410000000002,0.97,0.781641,2.0,2.0,4.0,8,"FY2018-19, FY2019-20, FY2023-24, FY2024-25","Andhra Pradesh, Karnataka, Maharashtra, Odisha, Pan India","safe_drinking_water, sanitation",MCA records show CSR activity in water/sanitation sectors,MCA CSR Data Export,2026-09-04
210,92.88,TATA POWER RENEWABLE ENERGY LIMITED,FY2024-25,6.8758357000000005,6.8758357000000005,0.0,3.0,0.0,3.0,3,"FY2018-19, FY2019-20, FY2024-25","Gujarat, Karnataka, Maharashtra",safe_drinking_water,MCA records show CSR activity in water/sanitation sectors,MCA CSR Data Export,2026-09-04
211,92.88,PNB HOUSING FINANCE LIMITED,FY2023-24,3.825978,1.96774,1.858238,1.0,3.0,4.0,6,"FY2017-18, FY2021-22, FY2023-24","Haryana, Kerala, Pan India, Rajasthan","safe_drinking_water, sanitation",MCA records show CSR activity in water/sanitation sectors,MCA CSR Data Export,2026-09-04
212,92.8,DURAVIT INDIA PRIVATE LIMITED,FY2024-25,1.4742066,0.1977747,1.2764319,2.0,5.0,7.0,30,"FY2020-21, FY2021-22, FY2022-23, FY2023-24, FY2024-25",Gujarat,"safe_drinking_water, sanitation",MCA records show CSR activity in water/sanitation sectors,MCA CSR Data Export,2026-09-04
213,92.79,MANGALORE CHEMICALS AND FERTILISERS LIMITED,FY2024-25,1.2618967,0.2249,1.0369967,2.0,3.0,5.0,5,"FY2017-18, FY2018-19, FY2019-20, FY2021-22, FY2024-25",Karnataka,"safe_drinking_water, sanitation",MCA records show CSR activity in water/sanitation sectors,MCA CSR Data Export,2026-09-04
214,92.77,ASANSOL BOTTLING & PACKAGING CO PRIVATE LIMITED,FY2024-25,0.68725304,0.68725304,0.0,8.0,0.0,8.0,8,"FY2017-18, FY2018-19, FY2019-20, FY2020-21, FY2021-22, FY2022-23, FY2023-24, FY2024-25",West Bengal,safe_drinking_water,MCA records show CSR activity in water/sanitation sectors,MCA CSR Data Export,2026-09-04
215,92.75,TATA STEEL LONG PRODUCTS LIMITED,FY2022-23,2.238911,1.2999915,0.9389195,3.0,3.0,6.0,11,"FY2019-20, FY2021-22, FY2022-23","Jharkhand, Odisha","safe_drinking_water, sanitation",MCA records show CSR activity in water/sanitation sectors,MCA CSR Data Export,2026-09-04
216,92.71,ADAMA INDIA PRIVATE LIMITED,FY2022-23,1.9374529,1.9374529,0.0,5.0,0.0,5.0,33,"FY2018-19, FY2019-20, FY2020-21, FY2021-22, FY2022-23","Andhra Pradesh, Bihar, Gujarat, Karnataka, Madhya Pradesh, Maharashtra, Rajasthan, Tamil Nadu, Telangana, Uttar Pradesh, West Bengal",safe_drinking_water,MCA records show CSR activity in water/sanitation sectors,MCA CSR Data Export,2026-09-04
217,92.69,SHALINA LABORATORIES PRIVATE LIMITED,FY2024-25,0.7007488,0.5652946999999999,0.1354541,3.0,2.0,5.0,6,"FY2020-21, FY2021-22, FY2022-23, FY2023-24, FY2024-25",Maharashtra,"safe_drinking_water, sanitation",MCA records show CSR activity in water/sanitation sectors,MCA CSR Data Export,2026-09-04
218,92.66,PHARMAZELL (INDIA) PRIVATE LIMITED,FY2024-25,0.7786579,0.4309921,0.3476658,5.0,1.0,6.0,8,"FY2019-20, FY2020-21, FY2021-22, FY2022-23, FY2023-24, FY2024-25","Andhra Pradesh, Tamil Nadu","safe_drinking_water, sanitation",MCA records show CSR activity in water/sanitation sectors,MCA CSR Data Export,2026-09-04
219,92.62,KURIAN ABRAHAM PRIVATE LIMITED,FY2023-24,1.1006949,0.764397,0.3362979,6.0,7.0,13.0,18,"FY2015-16, FY2016-17, FY2017-18, FY2018-19, FY2019-20, FY2020-21, FY2021-22, FY2022-23, FY2023-24",Tamil Nadu,"safe_drinking_water, sanitation",MCA records show CSR activity in water/sanitation sectors,MCA CSR Data Export,2026-09-04
220,92.56,DESICCANT ROTORS INTERNATIONAL PRIVATE LIMITED,FY2024-25,0.6872811,0.5616305,0.1256506,6.0,4.0,10.0,15,"FY2016-17, FY2017-18, FY2019-20, FY2020-21, FY2021-22, FY2024-25","Haryana, Rajasthan","safe_drinking_water, sanitation",MCA records show CSR activity in water/sanitation sectors,MCA CSR Data Export,2026-09-04
221,92.51,THE KARUR VYSYA BANK LIMITED,FY2024-25,1.02616845,0.2547282,0.7714402499999999,3.0,3.0,6.0,19,"FY2021-22, FY2022-23, FY2023-24, FY2024-25","Andhra Pradesh, Tamil Nadu, Telangana","safe_drinking_water, sanitation",MCA records show CSR activity in water/sanitation sectors,MCA CSR Data Export,2026-09-04
222,92.46,NSE INDICES LIMITED,FY2023-24,2.0355788,0.2940609,1.7415179,2.0,4.0,6.0,75,"FY2018-19, FY2021-22, FY2022-23, FY2023-24","Jharkhand, Kerala, Madhya Pradesh, Maharashtra, Pan India, Rajasthan, Tamil Nadu, West Bengal","safe_drinking_water, sanitation",MCA records show CSR activity in water/sanitation sectors,MCA CSR Data Export,2026-09-04
223,92.44,NEULAND LABORATORIES LTD.,FY2024-25,1.25491015,1.25491015,0.0,4.0,0.0,4.0,6,"FY2021-22, FY2022-23, FY2023-24, FY2024-25",Telangana,safe_drinking_water,MCA records show CSR activity in water/sanitation sectors,MCA CSR Data Export,2026-09-04
224,92.38,PATEL ENGINEERING LIMITED,FY2024-25,1.2533759999999998,1.203376,0.05,3.0,1.0,4.0,10,"FY2021-22, FY2022-23, FY2024-25","Arunachal Pradesh, Himachal Pradesh, Jammu And Kashmir, Maharashtra, Tamil Nadu","safe_drinking_water, sanitation",MCA records show CSR activity in water/sanitation sectors,MCA CSR Data Export,2026-09-04
225,92.34,TOYOTA KIRLOSKAR MOTOR PRIVATE LIMITED,FY2024-25,12.46284,1.10684,11.356,1.0,2.0,3.0,14,"FY2017-18, FY2018-19, FY2024-25",Karnataka,"safe_drinking_water, sanitation",MCA records show CSR activity in water/sanitation sectors,MCA CSR Data Export,2026-09-04
226,92.3,TRL KROSAKI REFRACTORIES LIMITED,FY2024-25,0.8314408999999999,0.3255249,0.505916,2.0,5.0,7.0,7,"FY2018-19, FY2019-20, FY2020-21, FY2021-22, FY2022-23, FY2023-24, FY2024-25",Odisha,"safe_drinking_water, sanitation",MCA records show CSR activity in water/sanitation sectors,MCA CSR Data Export,2026-09-04
227,92.2,THE SOUTH INDIAN BANK LIMITED,FY2024-25,1.6558230310000002,0.5621341,1.093688931,3.0,1.0,4.0,25,"FY2017-18, FY2020-21, FY2024-25","Karnataka, Kerala, Meghalaya, Tamil Nadu, Telangana, Tripura","safe_drinking_water, sanitation",MCA records show CSR activity in water/sanitation sectors,MCA CSR Data Export,2026-09-04
228,92.16,INDIA GLYCOLS LIMITED,FY2024-25,0.610657,0.610657,0.0,6.0,0.0,6.0,7,"FY2019-20, FY2020-21, FY2021-22, FY2022-23, FY2023-24, FY2024-25","Uttar Pradesh, Uttarakhand",safe_drinking_water,MCA records show CSR activity in water/sanitation sectors,MCA CSR Data Export,2026-09-04
229,92.13,THE WEST BENGAL POWER DEVELOPMENT CORPORATION LIMITED,FY2024-25,0.6449255,0.5123255,0.1326,4.0,2.0,6.0,13,"FY2021-22, FY2022-23, FY2023-24, FY2024-25","Jharkhand, West Bengal","safe_drinking_water, sanitation",MCA records show CSR activity in water/sanitation sectors,MCA CSR Data Export,2026-09-04
230,92.12,INDIA TRADE PROMOTION ORGANISATION,FY2024-25,4.080010667,2.5800106670000003,1.5,1.0,2.0,3.0,3,"FY2017-18, FY2018-19, FY2024-25","Delhi, Pan India","safe_drinking_water, sanitation",MCA records show CSR activity in water/sanitation sectors,MCA CSR Data Export,2026-09-04
231,92.12,CHEMFAB ALKALIS LIMITED,FY2024-25,0.6312733,0.5312733000000001,0.1,6.0,2.0,8.0,8,"FY2017-18, FY2018-19, FY2019-20, FY2020-21, FY2023-24, FY2024-25",Puducherry,"safe_drinking_water, sanitation",MCA records show CSR activity in water/sanitation sectors,MCA CSR Data Export,2026-09-04
232,92.11,AGROCEL INDUSTRIES PRIVATE LIMITED,FY2022-23,2.853,0.4961,2.3569,3.0,6.0,9.0,10,"FY2017-18, FY2018-19, FY2019-20, FY2020-21, FY2021-22, FY2022-23",Gujarat,"safe_drinking_water, sanitation",MCA records show CSR activity in water/sanitation sectors,MCA CSR Data Export,2026-09-04
233,92.03,BHARATHI CEMENT CORPORATION PRIVATE LIMITED,FY2023-24,2.5278297000000003,1.3880297,1.1398,2.0,2.0,4.0,16,"FY2022-23, FY2023-24",Andhra Pradesh,"safe_drinking_water, sanitation",MCA records show CSR activity in water/sanitation sectors,MCA CSR Data Export,2026-09-04
234,92.01,ECGC LIMITED,FY2024-25,1.281037699,0.16,1.121037699,2.0,4.0,6.0,7,"FY2017-18, FY2020-21, FY2021-22, FY2024-25","Arunachal Pradesh, Delhi, Maharashtra, West Bengal","safe_drinking_water, sanitation",MCA records show CSR activity in water/sanitation sectors,MCA CSR Data Export,2026-09-04
235,92.0,BLUE DART EXPRESS LIMITED,FY2024-25,3.4288142,3.4288142,0.0,3.0,0.0,3.0,5,"FY2022-23, FY2023-24, FY2024-25",Maharashtra,safe_drinking_water,MCA records show CSR activity in water/sanitation sectors,MCA CSR Data Export,2026-09-04
236,91.93,NATIONAL SCHEDULED CASTES FINANCE AND DEVELOPMENT CORPORATION,FY2024-25,1.1109883,0.1813043,0.929684,3.0,5.0,8.0,22,"FY2019-20, FY2020-21, FY2022-23, FY2023-24, FY2024-25","Delhi, Jharkhand, Madhya Pradesh, Maharashtra, Pan India, Punjab, Rajasthan, Uttar Pradesh","safe_drinking_water, sanitation",MCA records show CSR activity in water/sanitation sectors,MCA CSR Data Export,2026-09-04
237,91.9,RELIANCE INDUSTRIES LIMITED,FY2023-24,63.1405181,63.1405181,0.0,3.0,0.0,3.0,5,"FY2021-22, FY2022-23, FY2023-24",Pan India,safe_drinking_water,MCA records show CSR activity in water/sanitation sectors,MCA CSR Data Export,2026-09-04
238,91.88,BAYER VAPI PRIVATE LIMITED,FY2024-25,3.2082075,3.2082075,0.0,3.0,0.0,3.0,3,"FY2018-19, FY2019-20, FY2024-25",Gujarat,safe_drinking_water,MCA records show CSR activity in water/sanitation sectors,MCA CSR Data Export,2026-09-04
239,91.82,MAGADH SUGAR & ENERGY LIMITED,FY2024-25,0.678013522,0.394038522,0.283975,5.0,3.0,8.0,15,"FY2019-20, FY2020-21, FY2021-22, FY2022-23, FY2023-24, FY2024-25",Bihar,"safe_drinking_water, sanitation",MCA records show CSR activity in water/sanitation sectors,MCA CSR Data Export,2026-09-04
240,91.81,BRY- AIR (ASIA) PRIVATE LIMITED,FY2024-25,0.7077904,0.3464771,0.3613133,6.0,6.0,12.0,15,"FY2016-17, FY2017-18, FY2019-20, FY2020-21, FY2021-22, FY2022-23, FY2023-24, FY2024-25","Delhi, Haryana, Rajasthan","safe_drinking_water, sanitation",MCA records show CSR activity in water/sanitation sectors,MCA CSR Data Export,2026-09-04
241,91.81,MYTHRI INFRASTRUCTURE AND MINING INDIA PRIVATE LIMITED,FY2024-25,0.5844857,0.5532031,0.0312826,3.0,2.0,5.0,14,"FY2020-21, FY2022-23, FY2023-24, FY2024-25","Andhra Pradesh, Odisha","safe_drinking_water, sanitation",MCA records show CSR activity in water/sanitation sectors,MCA CSR Data Export,2026-09-04
242,91.8,TITAN ENGINEERING & AUTOMATION LIMITED,FY2024-25,2.309204775,0.31,1.999204775,1.0,3.0,4.0,5,"FY2021-22, FY2022-23, FY2023-24, FY2024-25",Tamil Nadu,"safe_drinking_water, sanitation",MCA records show CSR activity in water/sanitation sectors,MCA CSR Data Export,2026-09-04
243,91.77,MANN AND HUMMEL FILTER PRIVATE LIMITED,FY2024-25,0.5713069,0.5713069,0.0,5.0,0.0,5.0,9,"FY2018-19, FY2019-20, FY2020-21, FY2021-22, FY2024-25",Karnataka,safe_drinking_water,MCA records show CSR activity in water/sanitation sectors,MCA CSR Data Export,2026-09-04
244,91.75,ANJANEY FERRO ALLOYS LTD.,FY2023-24,0.842327617,0.772327617,0.07,4.0,1.0,5.0,5,"FY2016-17, FY2021-22, FY2022-23, FY2023-24",Jharkhand,"safe_drinking_water, sanitation",MCA records show CSR activity in water/sanitation sectors,MCA CSR Data Export,2026-09-04
245,91.7,INDIANOIL ADANI VENTURES LIMITED,FY2024-25,0.6097726,0.4772672,0.1325054,3.0,3.0,6.0,10,"FY2021-22, FY2022-23, FY2024-25","Chhattisgarh, Maharashtra, Odisha","safe_drinking_water, sanitation",MCA records show CSR activity in water/sanitation sectors,MCA CSR Data Export,2026-09-04
246,91.69,ANTRIX CORPORATION LIMITED,FY2021-22,5.885868,0.923868,4.962,3.0,2.0,5.0,16,"FY2016-17, FY2017-18, FY2021-22","Andhra Pradesh, Arunachal Pradesh, Karnataka, Kerala, Meghalaya, Rajasthan, Tamil Nadu","safe_drinking_water, sanitation",MCA records show CSR activity in water/sanitation sectors,MCA CSR Data Export,2026-09-04
247,91.69,FINOLEX CABLES LIMITED,FY2023-24,0.8424312,0.7332644,0.1091668,2.0,4.0,6.0,9,"FY2016-17, FY2017-18, FY2022-23, FY2023-24","Maharashtra, Uttarakhand","safe_drinking_water, sanitation",MCA records show CSR activity in water/sanitation sectors,MCA CSR Data Export,2026-09-04
248,91.63,SPECTRUM ETHERS PRIVATE LIMITED,FY2024-25,0.609568137,0.458860537,0.1507076,5.0,2.0,7.0,7,"FY2019-20, FY2021-22, FY2022-23, FY2023-24, FY2024-25",Maharashtra,"safe_drinking_water, sanitation",MCA records show CSR activity in water/sanitation sectors,MCA CSR Data Export,2026-09-04
249,91.62,VA TECH WABAG LIMITED,FY2022-23,2.6383,0.4141,2.2242,3.0,7.0,10.0,19,"FY2016-17, FY2017-18, FY2018-19, FY2019-20, FY2020-21, FY2021-22, FY2022-23","Andhra Pradesh, Delhi, Karnataka, Tamil Nadu, Telangana, Uttarakhand, West Bengal","safe_drinking_water, sanitation",MCA records show CSR activity in water/sanitation sectors,MCA CSR Data Export,2026-09-04
250,91.61,SUNDRAM FASTENERS LIMITED,FY2024-25,1.37,0.5,0.87,1.0,3.0,4.0,4,"FY2021-22, FY2022-23, FY2023-24, FY2024-25",Tamil Nadu,"safe_drinking_water, sanitation",MCA records show CSR activity in water/sanitation sectors,MCA CSR Data Export,2026-09-04
251,91.58,MAHINDRA RURAL HOUSING FINANCE LIMITED,FY2022-23,3.0065321000000003,0.3606921,2.64584,1.0,4.0,5.0,5,"FY2017-18, FY2018-19, FY2021-22, FY2022-23","Maharashtra, Pan India, Tamil Nadu","safe_drinking_water, sanitation",MCA records show CSR activity in water/sanitation sectors,MCA CSR Data Export,2026-09-04
252,91.55,CALIBRE CHEMICALS PRIVATE LIMITED,FY2024-25,0.73449,0.2739999,0.4604901,6.0,2.0,8.0,11,"FY2017-18, FY2018-19, FY2019-20, FY2021-22, FY2022-23, FY2023-24, FY2024-25",Gujarat,"safe_drinking_water, sanitation",MCA records show CSR activity in water/sanitation sectors,MCA CSR Data Export,2026-09-04
253,91.38,EXIDE INDUSTRIES LIMITED,FY2021-22,12.61,0.49,12.12,2.0,4.0,6.0,15,"FY2015-16, FY2017-18, FY2018-19, FY2019-20, FY2020-21, FY2021-22","Haryana, Maharashtra, Pan India, Tamil Nadu, West Bengal","safe_drinking_water, sanitation",MCA records show CSR activity in water/sanitation sectors,MCA CSR Data Export,2026-09-04
254,91.36,THE ANDHRA SUGARS LIMITED,FY2024-25,0.6692562,0.3242562,0.345,5.0,1.0,6.0,7,"FY2018-19, FY2020-21, FY2021-22, FY2022-23, FY2023-24, FY2024-25",Andhra Pradesh,"safe_drinking_water, sanitation",MCA records show CSR activity in water/sanitation sectors,MCA CSR Data Export,2026-09-04
255,91.24,MAHARASHTRA ENVIRO POWER LIMITED,FY2024-25,0.5160543,0.5160543,0.0,8.0,0.0,8.0,14,"FY2016-17, FY2017-18, FY2019-20, FY2020-21, FY2021-22, FY2022-23, FY2023-24, FY2024-25",Maharashtra,safe_drinking_water,MCA records show CSR activity in water/sanitation sectors,MCA CSR Data Export,2026-09-04
256,91.22,SRI DURGA CONDEV PRIVATE LIMITED,FY2022-23,1.1824819,1.1824819,0.0,5.0,0.0,5.0,5,"FY2017-18, FY2019-20, FY2020-21, FY2021-22, FY2022-23",Odisha,safe_drinking_water,MCA records show CSR activity in water/sanitation sectors,MCA CSR Data Export,2026-09-04
257,91.19,PRIVI SPECIALITY CHEMICALS LIMITED,FY2024-25,0.9424,0.8758,0.0666,3.0,1.0,4.0,10,"FY2020-21, FY2022-23, FY2024-25","Gujarat, Maharashtra","safe_drinking_water, sanitation",MCA records show CSR activity in water/sanitation sectors,MCA CSR Data Export,2026-09-04
258,91.18,BHOOMI RESOURCES PRIVATE LIMITED,FY2024-25,0.5551956,0.4551956,0.1,4.0,1.0,5.0,5,"FY2019-20, FY2021-22, FY2023-24, FY2024-25","Karnataka, Maharashtra","safe_drinking_water, sanitation",MCA records show CSR activity in water/sanitation sectors,MCA CSR Data Export,2026-09-04
259,91.14,INDRAPRASTHA GAS LIMITED,FY2024-25,4.833769,0.049875,4.783894,1.0,5.0,6.0,14,"FY2017-18, FY2018-19, FY2019-20, FY2020-21, FY2024-25","Delhi, Haryana, Rajasthan, Uttarakhand","safe_drinking_water, sanitation",MCA records show CSR activity in water/sanitation sectors,MCA CSR Data Export,2026-09-04
260,91.14,KEMIN INDUSTRIES SOUTH ASIA PRIVATE LIMITED,FY2024-25,0.8598706,0.1853404,0.6745302,5.0,2.0,7.0,7,"FY2017-18, FY2019-20, FY2020-21, FY2021-22, FY2023-24, FY2024-25",Tamil Nadu,"safe_drinking_water, sanitation",MCA records show CSR activity in water/sanitation sectors,MCA CSR Data Export,2026-09-04
261,91.12,ASI INDUSTRIES LIMITED,FY2024-25,0.5157254,0.4948254,0.0209,7.0,1.0,8.0,12,"FY2017-18, FY2018-19, FY2019-20, FY2021-22, FY2022-23, FY2023-24, FY2024-25",Rajasthan,"safe_drinking_water, sanitation",MCA records show CSR activity in water/sanitation sectors,MCA CSR Data Export,2026-09-04
262,91.11,NSE DATA & ANALYTICS LIMITED,FY2023-24,1.3741874,0.2372766,1.1369108,2.0,4.0,6.0,78,"FY2018-19, FY2021-22, FY2022-23, FY2023-24","Jharkhand, Kerala, Madhya Pradesh, Maharashtra, Pan India, Rajasthan, Tamil Nadu, West Bengal","safe_drinking_water, sanitation",MCA records show CSR activity in water/sanitation sectors,MCA CSR Data Export,2026-09-04
263,91.01,UNITED STATES PHARMACOPEIA - INDIA PRIVATE LIMITED,FY2024-25,0.5011751999999999,0.5011751999999999,0.0,8.0,0.0,8.0,15,"FY2016-17, FY2017-18, FY2018-19, FY2019-20, FY2021-22, FY2022-23, FY2023-24, FY2024-25",Telangana,safe_drinking_water,MCA records show CSR activity in water/sanitation sectors,MCA CSR Data Export,2026-09-04
264,90.98,ODISHA POWER GENERATION CORPORATION LIMITED,FY2024-25,2.1269267,2.1269267,0.0,3.0,0.0,3.0,8,"FY2022-23, FY2023-24, FY2024-25",Odisha,safe_drinking_water,MCA records show CSR activity in water/sanitation sectors,MCA CSR Data Export,2026-09-04
265,90.96,KOMATSU INDIA PRIVATE LIMITED,FY2024-25,2.141323774,1.976564174,0.1647596,2.0,1.0,3.0,7,"FY2021-22, FY2024-25","Maharashtra, Tamil Nadu","safe_drinking_water, sanitation",MCA records show CSR activity in water/sanitation sectors,MCA CSR Data Export,2026-09-04
266,90.91,SOLARA ACTIVE PHARMA SCIENCES LIMITED,FY2023-24,2.1406557,0.608,1.5326556999999998,2.0,2.0,4.0,4,"FY2018-19, FY2021-22, FY2022-23, FY2023-24","Pan India, Puducherry","safe_drinking_water, sanitation",MCA records show CSR activity in water/sanitation sectors,MCA CSR Data Export,2026-09-04
267,90.88,NOSCH LABS PRIVATE LIMITED,FY2024-25,1.4446016000000002,0.0929516,1.35165,3.0,2.0,5.0,16,"FY2018-19, FY2019-20, FY2020-21, FY2023-24, FY2024-25",Telangana,"safe_drinking_water, sanitation",MCA records show CSR activity in water/sanitation sectors,MCA CSR Data Export,2026-09-04
268,90.85,SASMOS HET TECHNOLOGIES LIMITED,FY2024-25,0.4974994,0.4974994,0.0,7.0,0.0,7.0,7,"FY2017-18, FY2018-19, FY2020-21, FY2021-22, FY2022-23, FY2023-24, FY2024-25",Karnataka,safe_drinking_water,MCA records show CSR activity in water/sanitation sectors,MCA CSR Data Export,2026-09-04
269,90.74,NETCRACKER TECHNOLOGY SOLUTIONS (INDIA) PRIVATE LIMITED,FY2024-25,0.8413,0.7713000000000001,0.07,3.0,1.0,4.0,9,"FY2022-23, FY2023-24, FY2024-25","Haryana, Karnataka, Maharashtra, Telangana","safe_drinking_water, sanitation",MCA records show CSR activity in water/sanitation sectors,MCA CSR Data Export,2026-09-04
270,90.68,ASTRAL LIMITED,FY2024-25,1.0690457,0.4390064999999999,0.6300391999999999,2.0,2.0,4.0,6,"FY2020-21, FY2021-22, FY2023-24, FY2024-25","Gujarat, Maharashtra","safe_drinking_water, sanitation",MCA records show CSR activity in water/sanitation sectors,MCA CSR Data Export,2026-09-04
271,90.65,MB POWER (MADHYA PRADESH) LIMITED,FY2024-25,1.9043137,1.9043137,0.0,3.0,0.0,3.0,7,"FY2022-23, FY2023-24, FY2024-25","Madhya Pradesh, Uttar Pradesh",safe_drinking_water,MCA records show CSR activity in water/sanitation sectors,MCA CSR Data Export,2026-09-04
272,90.63,S.J.S. ENTERPRISES LIMITED,FY2024-25,0.8273249,0.1544033,0.6729216,2.0,3.0,5.0,5,"FY2021-22, FY2022-23, FY2023-24, FY2024-25",Karnataka,"safe_drinking_water, sanitation",MCA records show CSR activity in water/sanitation sectors,MCA CSR Data Export,2026-09-04
273,90.63,ODISHA COAL AND POWER LIMITED,FY2024-25,0.653266,0.2393007999999999,0.4139652,3.0,2.0,5.0,7,"FY2022-23, FY2023-24, FY2024-25",Odisha,"safe_drinking_water, sanitation",MCA records show CSR activity in water/sanitation sectors,MCA CSR Data Export,2026-09-04
274,90.61,SUTLEJ TEXTILES AND INDUSTRIES LIMITED,FY2023-24,5.3955,5.3259,0.0696,2.0,1.0,3.0,6,"FY2017-18, FY2021-22, FY2023-24","Himachal Pradesh, Jammu And Kashmir, Madhya Pradesh, Rajasthan","safe_drinking_water, sanitation",MCA records show CSR activity in water/sanitation sectors,MCA CSR Data Export,2026-09-04
275,90.61,A ONE ISPAT PRIVATE LIMITED,FY2024-25,0.4868647,0.4868647,0.0,5.0,0.0,5.0,7,"FY2019-20, FY2021-22, FY2022-23, FY2023-24, FY2024-25","Andhra Pradesh, Delhi, Karnataka",safe_drinking_water,MCA records show CSR activity in water/sanitation sectors,MCA CSR Data Export,2026-09-04
276,90.58,SYNGENTA INDIA LIMITED,FY2020-21,8.4846,2.0799,6.4047,4.0,4.0,8.0,23,"FY2017-18, FY2018-19, FY2019-20, FY2020-21","Andhra Pradesh, Bihar, Goa, Karnataka, Maharashtra, Pan India, Rajasthan, Uttar Pradesh","safe_drinking_water, sanitation",MCA records show CSR activity in water/sanitation sectors,MCA CSR Data Export,2026-09-04
277,90.58,NSE INVESTMENTS LIMITED,FY2022-23,1.6861094,0.3912593,1.2948501,3.0,5.0,8.0,53,"FY2017-18, FY2018-19, FY2019-20, FY2020-21, FY2022-23","Bihar, Jharkhand, Kerala, Madhya Pradesh, Maharashtra, Pan India, Rajasthan, Tamil Nadu, West Bengal","safe_drinking_water, sanitation",MCA records show CSR activity in water/sanitation sectors,MCA CSR Data Export,2026-09-04
278,90.58,GAIL GAS LIMITED,FY2024-25,0.9566565,0.1265165,0.83014,1.0,4.0,5.0,5,"FY2018-19, FY2019-20, FY2022-23, FY2023-24, FY2024-25","Haryana, Madhya Pradesh, Odisha","safe_drinking_water, sanitation",MCA records show CSR activity in water/sanitation sectors,MCA CSR Data Export,2026-09-04
279,90.57,CHENNAI PETROLEUM CORPORATION LIMITED,FY2024-25,4.2374,0.4866,3.7508,2.0,1.0,3.0,10,"FY2017-18, FY2024-25",Tamil Nadu,"safe_drinking_water, sanitation",MCA records show CSR activity in water/sanitation sectors,MCA CSR Data Export,2026-09-04
280,90.5,INLAND POWER LIMITED,FY2024-25,0.5636869,0.3012996,0.2623873,2.0,3.0,5.0,5,"FY2021-22, FY2022-23, FY2024-25",Jharkhand,"safe_drinking_water, sanitation",MCA records show CSR activity in water/sanitation sectors,MCA CSR Data Export,2026-09-04
281,90.43,MAHANADI COALFIELDS LIMITED,FY2024-25,14.850555982999998,13.855014882,0.995541101,1.0,1.0,2.0,154,FY2024-25,Odisha,"safe_drinking_water, sanitation",MCA records show CSR activity in water/sanitation sectors,MCA CSR Data Export,2026-09-04
282,90.4,PRINCE PIPES AND FITTINGS LIMITED,FY2024-25,1.7632738,1.7632738,0.0,3.0,0.0,3.0,3,"FY2022-23, FY2023-24, FY2024-25","Gujarat, Rajasthan",safe_drinking_water,MCA records show CSR activity in water/sanitation sectors,MCA CSR Data Export,2026-09-04
283,90.4,ASVINI FISHERIES PRIVATE LIMITED,FY2024-25,0.7573228,0.7537734,0.0035494,3.0,1.0,4.0,8,"FY2022-23, FY2023-24, FY2024-25","Andhra Pradesh, Tamil Nadu","safe_drinking_water, sanitation",MCA records show CSR activity in water/sanitation sectors,MCA CSR Data Export,2026-09-04
284,90.39,VISAKA INDUSTRIES LTD.,FY2024-25,1.90235208,1.26282538,0.6395267,2.0,1.0,3.0,4,"FY2023-24, FY2024-25","Telangana, West Bengal","safe_drinking_water, sanitation",MCA records show CSR activity in water/sanitation sectors,MCA CSR Data Export,2026-09-04
285,90.3,FERRO ALLOYS CORPORATION LIMITED,FY2023-24,1.2165399,1.1909399,0.0256,3.0,1.0,4.0,5,"FY2021-22, FY2022-23, FY2023-24",Odisha,"safe_drinking_water, sanitation",MCA records show CSR activity in water/sanitation sectors,MCA CSR Data Export,2026-09-04
286,90.29,TOYODA GOSEI SOUTH INDIA PRIVATE LIMITED,FY2024-25,0.7438838,0.7438838,0.0,4.0,0.0,4.0,4,"FY2017-18, FY2018-19, FY2019-20, FY2024-25",Karnataka,safe_drinking_water,MCA records show CSR activity in water/sanitation sectors,MCA CSR Data Export,2026-09-04
287,90.25,THE METAL POWDER COMPANY LIMITED,FY2024-25,0.6518327,0.2022862,0.4495465,7.0,2.0,9.0,23,"FY2017-18, FY2018-19, FY2019-20, FY2020-21, FY2021-22, FY2023-24, FY2024-25",Tamil Nadu,"safe_drinking_water, sanitation",MCA records show CSR activity in water/sanitation sectors,MCA CSR Data Export,2026-09-04
288,90.17,KOGTA FINANCIAL (INDIA) LTD,FY2024-25,0.4532474999999999,0.4511475,0.0021,5.0,1.0,6.0,12,"FY2020-21, FY2021-22, FY2022-23, FY2023-24, FY2024-25",Rajasthan,"safe_drinking_water, sanitation",MCA records show CSR activity in water/sanitation sectors,MCA CSR Data Export,2026-09-04
289,90.15,INDO COUNT INDUSTRIES LIMITED,FY2024-25,3.7138235,0.0359,3.6779235,1.0,8.0,9.0,10,"FY2016-17, FY2017-18, FY2018-19, FY2019-20, FY2020-21, FY2021-22, FY2022-23, FY2023-24, FY2024-25","Maharashtra, Pan India","safe_drinking_water, sanitation",MCA records show CSR activity in water/sanitation sectors,MCA CSR Data Export,2026-09-04
290,90.14,LANXESS INDIA PRIVATE LIMITED,FY2024-25,0.497388,0.348,0.149388,4.0,1.0,5.0,7,"FY2017-18, FY2018-19, FY2019-20, FY2020-21, FY2024-25","Gujarat, Madhya Pradesh","safe_drinking_water, sanitation",MCA records show CSR activity in water/sanitation sectors,MCA CSR Data Export,2026-09-04
291,90.12,BRAHMANI RIVER PELLETS LIMITED,FY2022-23,0.9049193,0.8849193,0.02,6.0,1.0,7.0,14,"FY2017-18, FY2018-19, FY2019-20, FY2020-21, FY2021-22, FY2022-23","Odisha, Pan India","safe_drinking_water, sanitation",MCA records show CSR activity in water/sanitation sectors,MCA CSR Data Export,2026-09-04
292,90.08,INDIANOIL PETRONAS PRIVATE LIMITED,FY2020-21,3.59486,3.28486,0.31,5.0,2.0,7.0,18,"FY2016-17, FY2017-18, FY2018-19, FY2019-20, FY2020-21","Tamil Nadu, West Bengal","safe_drinking_water, sanitation",MCA records show CSR activity in water/sanitation sectors,MCA CSR Data Export,2026-09-04
293,90.04,TATA COFFEE LIMITED,FY2022-23,0.9031,0.8205,0.0825999999999999,4.0,1.0,5.0,6,"FY2017-18, FY2018-19, FY2019-20, FY2021-22, FY2022-23","Karnataka, Pan India, Tamil Nadu","safe_drinking_water, sanitation",MCA records show CSR activity in water/sanitation sectors,MCA CSR Data Export,2026-09-04
294,89.95,BMM ISPAT LIMITED,FY2024-25,0.9557613,0.3680138,0.5877475,2.0,2.0,4.0,9,"FY2023-24, FY2024-25",Karnataka,"safe_drinking_water, sanitation",MCA records show CSR activity in water/sanitation sectors,MCA CSR Data Export,2026-09-04
295,89.88,BRIDGESTONE INDIA PRIVATE LIMITED,FY2024-25,0.712827,0.1425,0.570327,2.0,3.0,5.0,6,"FY2017-18, FY2021-22, FY2022-23, FY2024-25","Madhya Pradesh, Maharashtra, Pan India","safe_drinking_water, sanitation",MCA records show CSR activity in water/sanitation sectors,MCA CSR Data Export,2026-09-04
296,89.85,TECHNICO AGRI SCIENCES LIMITED,FY2024-25,1.4295557,1.4295557,0.0,3.0,0.0,3.0,18,"FY2022-23, FY2023-24, FY2024-25","Bihar, Gujarat, Haryana, Punjab, Uttar Pradesh, West Bengal",safe_drinking_water,MCA records show CSR activity in water/sanitation sectors,MCA CSR Data Export,2026-09-04
297,89.81,EPSON INDIA PRIVATE LIMITED,FY2024-25,1.4027368,1.4027368,0.0,3.0,0.0,3.0,5,"FY2022-23, FY2023-24, FY2024-25",Karnataka,safe_drinking_water,MCA records show CSR activity in water/sanitation sectors,MCA CSR Data Export,2026-09-04
298,89.79,L&T HYDROCARBON ENGINEERING LIMITED,FY2020-21,7.12,0.88,6.24,2.0,5.0,7.0,18,"FY2016-17, FY2017-18, FY2018-19, FY2019-20, FY2020-21","Gujarat, Maharashtra, Odisha, Tamil Nadu","safe_drinking_water, sanitation",MCA records show CSR activity in water/sanitation sectors,MCA CSR Data Export,2026-09-04
299,89.79,CANPACK INDIA PRIVATE LIMITED,FY2023-24,3.0324668,3.0324668,0.0,3.0,0.0,3.0,6,"FY2020-21, FY2022-23, FY2023-24",Maharashtra,safe_drinking_water,MCA records show CSR activity in water/sanitation sectors,MCA CSR Data Export,2026-09-04
300,89.77,JINDAL STEEL LIMITED,FY2024-25,6.07,6.07,0.0,2.0,0.0,2.0,2,"FY2023-24, FY2024-25",Odisha,safe_drinking_water,MCA records show CSR activity in water/sanitation sectors,MCA CSR Data Export,2026-09-04
301,89.77,NITIN SPINNERS LIMITED,FY2024-25,1.159415,0.075015,1.0844,5.0,1.0,6.0,7,"FY2019-20, FY2020-21, FY2021-22, FY2022-23, FY2023-24, FY2024-25",Rajasthan,"safe_drinking_water, sanitation",MCA records show CSR activity in water/sanitation sectors,MCA CSR Data Export,2026-09-04
302,89.65,DELHI MSW SOLUTIONS LIMITED,FY2024-25,1.3384048999999998,1.3371881,0.0012168,2.0,1.0,3.0,4,"FY2023-24, FY2024-25","Chhattisgarh, Delhi, Karnataka, Telangana","safe_drinking_water, sanitation",MCA records show CSR activity in water/sanitation sectors,MCA CSR Data Export,2026-09-04
303,89.64,LUX INDUSTRIES LIMITED,FY2022-23,0.803,0.803,0.0,5.0,0.0,5.0,5,"FY2017-18, FY2018-19, FY2019-20, FY2020-21, FY2022-23",West Bengal,safe_drinking_water,MCA records show CSR activity in water/sanitation sectors,MCA CSR Data Export,2026-09-04
304,89.6,L&T REALTY DEVELOPERS LIMITED,FY2022-23,1.1651915,0.3710859999999999,0.7941054999999999,2.0,4.0,6.0,6,"FY2019-20, FY2020-21, FY2021-22, FY2022-23","Karnataka, Maharashtra","safe_drinking_water, sanitation",MCA records show CSR activity in water/sanitation sectors,MCA CSR Data Export,2026-09-04
305,89.6,RADICO NV DISTILLERIES MAHARASHTRA LIMITED,FY2023-24,0.57458808,0.50267808,0.0719099999999999,4.0,3.0,7.0,13,"FY2019-20, FY2021-22, FY2022-23, FY2023-24",Maharashtra,"safe_drinking_water, sanitation",MCA records show CSR activity in water/sanitation sectors,MCA CSR Data Export,2026-09-04
306,89.58,HALDIA ENERGY LIMITED,FY2023-24,1.0030912,1.0030912,0.0,4.0,0.0,4.0,4,"FY2018-19, FY2020-21, FY2021-22, FY2023-24",West Bengal,safe_drinking_water,MCA records show CSR activity in water/sanitation sectors,MCA CSR Data Export,2026-09-04
307,89.58,NELCAST LIMITED,FY2024-25,0.41762,0.41762,0.0,8.0,0.0,8.0,8,"FY2017-18, FY2018-19, FY2019-20, FY2020-21, FY2021-22, FY2022-23, FY2023-24, FY2024-25",Andhra Pradesh,safe_drinking_water,MCA records show CSR activity in water/sanitation sectors,MCA CSR Data Export,2026-09-04
308,89.57,PI INDUSTRIES LIMITED,FY2024-25,5.481599999999999,0.0786,5.403,1.0,3.0,4.0,4,"FY2018-19, FY2019-20, FY2024-25","Gujarat, Pan India","safe_drinking_water, sanitation",MCA records show CSR activity in water/sanitation sectors,MCA CSR Data Export,2026-09-04
309,89.57,HINDUJA NATIONAL POWER CORPORATION LTD,FY2024-25,0.4237974,0.3895773999999999,0.03422,4.0,1.0,5.0,7,"FY2021-22, FY2022-23, FY2023-24, FY2024-25",Andhra Pradesh,"safe_drinking_water, sanitation",MCA records show CSR activity in water/sanitation sectors,MCA CSR Data Export,2026-09-04
310,89.55,PSN MEDICARE PRIVATE LIMITED,FY2024-25,0.64804045,0.1512781,0.49676235,4.0,1.0,5.0,7,"FY2020-21, FY2021-22, FY2022-23, FY2024-25",Telangana,"safe_drinking_water, sanitation",MCA records show CSR activity in water/sanitation sectors,MCA CSR Data Export,2026-09-04
311,89.43,DEUTSCHE INDIA PRIVATE LIMITED,FY2024-25,4.6003454,4.6003454,0.0,2.0,0.0,2.0,2,"FY2023-24, FY2024-25",Maharashtra,safe_drinking_water,MCA records show CSR activity in water/sanitation sectors,MCA CSR Data Export,2026-09-04
312,89.3,RIMJHIM ISPAT LIMITED,FY2024-25,2.08605,0.45,1.63605,1.0,2.0,3.0,7,"FY2022-23, FY2023-24, FY2024-25","Delhi, Uttar Pradesh","safe_drinking_water, sanitation",MCA records show CSR activity in water/sanitation sectors,MCA CSR Data Export,2026-09-04
313,89.29,APOLLO HOSPITALS ENTERPRISE LIMITED,FY2021-22,4.106,3.877,0.229,3.0,1.0,4.0,4,"FY2018-19, FY2019-20, FY2020-21, FY2021-22","Andhra Pradesh, Tamil Nadu, Telangana","safe_drinking_water, sanitation",MCA records show CSR activity in water/sanitation sectors,MCA CSR Data Export,2026-09-04
314,89.29,SIGACHI INDUSTRIES LIMITED,FY2024-25,1.2059801,1.2059801,0.0,3.0,0.0,3.0,3,"FY2021-22, FY2022-23, FY2024-25","Gujarat, Telangana",safe_drinking_water,MCA records show CSR activity in water/sanitation sectors,MCA CSR Data Export,2026-09-04
315,89.26,HOUSING AND URBAN DEVELOPMENT CORPORATION LIMITED,FY2024-25,4.690153598,2.591602978,2.09855062,1.0,1.0,2.0,7,FY2024-25,"Andhra Pradesh, Delhi, Madhya Pradesh, Sikkim, Tamil Nadu","safe_drinking_water, sanitation",MCA records show CSR activity in water/sanitation sectors,MCA CSR Data Export,2026-09-04
316,89.24,HALDIRAM FOODS INTERNATIONAL PRIVATE LIMITED,FY2023-24,2.5371752,1.8674252,0.66975,2.0,1.0,3.0,3,"FY2021-22, FY2022-23, FY2023-24",Maharashtra,"safe_drinking_water, sanitation",MCA records show CSR activity in water/sanitation sectors,MCA CSR Data Export,2026-09-04
317,89.1,MAHI GRANITES PRIVATE LIMITED,FY2024-25,1.1470386,1.1470386,0.0,3.0,0.0,3.0,3,"FY2021-22, FY2022-23, FY2024-25",Telangana,safe_drinking_water,MCA records show CSR activity in water/sanitation sectors,MCA CSR Data Export,2026-09-04
318,89.08,EENADU TELEVISION PRIVATE LIMITED,FY2020-21,4.01,0.71,3.3,5.0,5.0,10.0,10,"FY2016-17, FY2017-18, FY2018-19, FY2019-20, FY2020-21","Andhra Pradesh, Telangana","safe_drinking_water, sanitation",MCA records show CSR activity in water/sanitation sectors,MCA CSR Data Export,2026-09-04
319,89.07,KALBURGI CEMENT PRIVATE LIMITED,FY2023-24,1.2330897,0.4434682,0.7896215,2.0,2.0,4.0,24,"FY2022-23, FY2023-24",Karnataka,"safe_drinking_water, sanitation",MCA records show CSR activity in water/sanitation sectors,MCA CSR Data Export,2026-09-04
320,89.06,RAILTEL CORPORATION OF INDIA LIMITED,FY2024-25,0.95186,0.2397999999999999,0.71206,2.0,2.0,4.0,7,"FY2022-23, FY2023-24, FY2024-25","Bihar, Jammu And Kashmir, Maharashtra, Rajasthan, Tripura, West Bengal","safe_drinking_water, sanitation",MCA records show CSR activity in water/sanitation sectors,MCA CSR Data Export,2026-09-04
321,89.05,KUMBAKONAM MUTUAL BENEFIT FUND NIDHI LIMITED,FY2023-24,1.9569692,0.0766323,1.8803369,2.0,3.0,5.0,5,"FY2021-22, FY2022-23, FY2023-24",Tamil Nadu,"safe_drinking_water, sanitation",MCA records show CSR activity in water/sanitation sectors,MCA CSR Data Export,2026-09-04
322,89.04,CHAITANYA INDIA FIN CREDIT PRIVATE LIMITED,FY2024-25,1.1215816,1.1215816,0.0,3.0,0.0,3.0,72,"FY2022-23, FY2023-24, FY2024-25","Bihar, Chhattisgarh, Gujarat, Haryana, Jharkhand, Karnataka, Madhya Pradesh, Maharashtra, Rajasthan, Tamil Nadu, Uttar Pradesh",safe_drinking_water,MCA records show CSR activity in water/sanitation sectors,MCA CSR Data Export,2026-09-04
323,88.98,SPR AUTO TECHNOLOGIES LIMITED,FY2024-25,1.159749484,0.985446347,0.174303137,2.0,1.0,3.0,5,"FY2023-24, FY2024-25","Rajasthan, Uttar Pradesh","safe_drinking_water, sanitation",MCA records show CSR activity in water/sanitation sectors,MCA CSR Data Export,2026-09-04
324,88.98,SOUTHERN PETROCHEMICAL INDUSTRIES CORPORATION LIMITED,FY2024-25,0.593098,0.593098,0.0,4.0,0.0,4.0,9,"FY2021-22, FY2022-23, FY2023-24, FY2024-25","Andhra Pradesh, Tamil Nadu",safe_drinking_water,MCA records show CSR activity in water/sanitation sectors,MCA CSR Data Export,2026-09-04
325,88.91,BLACK & VEATCH PRIVATE LIMITED,FY2024-25,0.52145,0.17245,0.349,3.0,2.0,5.0,5,"FY2016-17, FY2017-18, FY2022-23, FY2023-24, FY2024-25",Maharashtra,"safe_drinking_water, sanitation",MCA records show CSR activity in water/sanitation sectors,MCA CSR Data Export,2026-09-04
326,88.9,ZUARI AGRO CHEMICALS LIMITED,FY2021-22,1.1603,0.8945,0.2658,4.0,3.0,7.0,7,"FY2018-19, FY2019-20, FY2020-21, FY2021-22",Goa,"safe_drinking_water, sanitation",MCA records show CSR activity in water/sanitation sectors,MCA CSR Data Export,2026-09-04
327,88.89,ENDURANCE TECHNOLOGIES LIMITED,FY2024-25,0.9476362,0.0696652,0.877971,3.0,4.0,7.0,7,"FY2021-22, FY2022-23, FY2023-24, FY2024-25",Maharashtra,"safe_drinking_water, sanitation",MCA records show CSR activity in water/sanitation sectors,MCA CSR Data Export,2026-09-04
328,88.88,BAYER CROPSCIENCE LIMITED,FY2024-25,3.2308441,3.0778441,0.153,1.0,1.0,2.0,5,"FY2018-19, FY2024-25","Karnataka, Madhya Pradesh, Maharashtra, Pan India, Uttar Pradesh","safe_drinking_water, sanitation",MCA records show CSR activity in water/sanitation sectors,MCA CSR Data Export,2026-09-04
329,88.86,INTERNATIONAL TRACTORS LIMITED,FY2024-25,0.3741821,0.3741821,0.0,8.0,0.0,8.0,11,"FY2017-18, FY2018-19, FY2019-20, FY2020-21, FY2021-22, FY2022-23, FY2023-24, FY2024-25","Delhi, Punjab",safe_drinking_water,MCA records show CSR activity in water/sanitation sectors,MCA CSR Data Export,2026-09-04
330,88.84,CHALIMEDA FEEDS PRIVATE LIMITED,FY2023-24,2.0062,2.0062,0.0,3.0,0.0,3.0,3,"FY2021-22, FY2022-23, FY2023-24",Telangana,safe_drinking_water,MCA records show CSR activity in water/sanitation sectors,MCA CSR Data Export,2026-09-04
331,88.84,KIOCL LIMITED,FY2022-23,0.8928697999999999,0.3768698,0.516,4.0,1.0,5.0,10,"FY2018-19, FY2019-20, FY2020-21, FY2021-22, FY2022-23",Karnataka,"safe_drinking_water, sanitation",MCA records show CSR activity in water/sanitation sectors,MCA CSR Data Export,2026-09-04
332,88.82,TOYOTA KIRLOSKAR AUTO PARTS PRIVATE LIMITED,FY2024-25,1.057872,1.057872,0.0,3.0,0.0,3.0,3,"FY2021-22, FY2023-24, FY2024-25",Karnataka,safe_drinking_water,MCA records show CSR activity in water/sanitation sectors,MCA CSR Data Export,2026-09-04
333,88.76,PERKINS INDIA PRIVATE LIMITED,FY2024-25,0.9874,0.2,0.7874,1.0,3.0,4.0,8,"FY2021-22, FY2023-24, FY2024-25",Maharashtra,"safe_drinking_water, sanitation",MCA records show CSR activity in water/sanitation sectors,MCA CSR Data Export,2026-09-04
334,88.69,CENTRAL U.P. GAS LIMITED,FY2023-24,1.90656,0.0692,1.83736,1.0,5.0,6.0,15,"FY2016-17, FY2019-20, FY2020-21, FY2022-23, FY2023-24",Uttar Pradesh,"safe_drinking_water, sanitation",MCA records show CSR activity in water/sanitation sectors,MCA CSR Data Export,2026-09-04
335,88.66,AMBIKA COTTON MILLS LIMITED,FY2024-25,1.0210622,1.0210622,0.0,3.0,0.0,3.0,3,"FY2019-20, FY2020-21, FY2024-25",Tamil Nadu,safe_drinking_water,MCA records show CSR activity in water/sanitation sectors,MCA CSR Data Export,2026-09-04
336,88.63,UNITED SPIRITS LIMITED,FY2023-24,7.4023081,0.1009538,7.3013543,3.0,1.0,4.0,13,"FY2021-22, FY2022-23, FY2023-24","Delhi, Maharashtra, Odisha, Rajasthan, Telangana, Uttar Pradesh","safe_drinking_water, sanitation",MCA records show CSR activity in water/sanitation sectors,MCA CSR Data Export,2026-09-04
337,88.6,SEIL ENERGY INDIA LIMITED,FY2024-25,1.008060262,1.008060262,0.0,3.0,0.0,3.0,5,"FY2022-23, FY2023-24, FY2024-25",Andhra Pradesh,safe_drinking_water,MCA records show CSR activity in water/sanitation sectors,MCA CSR Data Export,2026-09-04
338,88.54,TATA POWER DELHI DISTRIBUTION LIMITED,FY2024-25,0.54899761,0.54899761,0.0,4.0,0.0,4.0,4,"FY2016-17, FY2017-18, FY2018-19, FY2024-25",Delhi,safe_drinking_water,MCA records show CSR activity in water/sanitation sectors,MCA CSR Data Export,2026-09-04
339,88.52,HARMONY PLASTICS PRIVATE LIMITED,FY2024-25,0.5478039,0.5453039,0.0025,3.0,1.0,4.0,4,"FY2017-18, FY2022-23, FY2023-24, FY2024-25",Rajasthan,"safe_drinking_water, sanitation",MCA records show CSR activity in water/sanitation sectors,MCA CSR Data Export,2026-09-04
340,88.51,Ccl Products (India) Limited,FY2020-21,2.6225302,0.7425291,1.8800011,4.0,3.0,7.0,9,"FY2014-15, FY2015-16, FY2016-17, FY2020-21","Andhra Pradesh, Arunachal Pradesh, Pan India","safe_drinking_water, sanitation",MCA records show CSR activity in water/sanitation sectors,MCA CSR Data Export,2026-09-04
341,88.5,NHDC LIMITED,FY2019-20,4.9427,4.4953,0.4474,3.0,2.0,5.0,19,"FY2017-18, FY2018-19, FY2019-20",Madhya Pradesh,"safe_drinking_water, sanitation",MCA records show CSR activity in water/sanitation sectors,MCA CSR Data Export,2026-09-04
342,88.45,ZF COMMERCIAL VEHICLE CONTROL SYSTEMS INDIA LIMITED,FY2024-25,0.7094999999999999,0.0823,0.6272,2.0,3.0,5.0,6,"FY2022-23, FY2023-24, FY2024-25","Jharkhand, Tamil Nadu, Uttar Pradesh","safe_drinking_water, sanitation",MCA records show CSR activity in water/sanitation sectors,MCA CSR Data Export,2026-09-04
343,88.42,VIMALA FEEDS PRIVATE LIMITED,FY2023-24,1.7663,1.7663,0.0,3.0,0.0,3.0,3,"FY2021-22, FY2022-23, FY2023-24",Telangana,safe_drinking_water,MCA records show CSR activity in water/sanitation sectors,MCA CSR Data Export,2026-09-04
344,88.4,NEOGEN CHEMICALS LIMITED,FY2024-25,0.3560232259999999,0.3360232259999999,0.02,4.0,1.0,5.0,13,"FY2020-21, FY2022-23, FY2023-24, FY2024-25","Gujarat, Maharashtra","safe_drinking_water, sanitation",MCA records show CSR activity in water/sanitation sectors,MCA CSR Data Export,2026-09-04
345,88.38,GUJARAT MINERAL DEVELOPMENT CORPORATION LIMITED,FY2021-22,2.5199,2.5199,0.0,4.0,0.0,4.0,4,"FY2017-18, FY2018-19, FY2020-21, FY2021-22",Gujarat,safe_drinking_water,MCA records show CSR activity in water/sanitation sectors,MCA CSR Data Export,2026-09-04
346,88.35,SRIPATHI PAPER AND BOARDS PRIVATE LIMITED,FY2024-25,0.52913,0.52913,0.0,4.0,0.0,4.0,4,"FY2017-18, FY2019-20, FY2020-21, FY2024-25",Tamil Nadu,safe_drinking_water,MCA records show CSR activity in water/sanitation sectors,MCA CSR Data Export,2026-09-04
347,88.34,MISRILALL MINES PRIVATE LIMITED,FY2024-25,0.5368701,0.5178701,0.019,3.0,1.0,4.0,7,"FY2019-20, FY2023-24, FY2024-25",Odisha,"safe_drinking_water, sanitation",MCA records show CSR activity in water/sanitation sectors,MCA CSR Data Export,2026-09-04
348,88.3,ARCHEAN CHEMICAL INDUSTRIES LIMITED,FY2023-24,1.7082347999999998,1.7082347999999998,0.0,3.0,0.0,3.0,3,"FY2021-22, FY2022-23, FY2023-24",Gujarat,safe_drinking_water,MCA records show CSR activity in water/sanitation sectors,MCA CSR Data Export,2026-09-04
349,88.24,HONDA MOTORCYCLE AND SCOOTER INDIA PVT LTD,FY2019-20,4.406,2.661,1.745,3.0,3.0,6.0,19,"FY2017-18, FY2018-19, FY2019-20","Gujarat, Haryana, Karnataka, Rajasthan","safe_drinking_water, sanitation",MCA records show CSR activity in water/sanitation sectors,MCA CSR Data Export,2026-09-04
350,88.2,GROWEL FEEDS PRIVATE LIMITED,FY2024-25,0.5135207,0.5135207,0.0,4.0,0.0,4.0,4,"FY2017-18, FY2019-20, FY2023-24, FY2024-25",Andhra Pradesh,safe_drinking_water,MCA records show CSR activity in water/sanitation sectors,MCA CSR Data Export,2026-09-04
351,88.12,CHLORIDE METALS LIMITED,FY2022-23,1.1460201,0.1901,0.9559201,2.0,3.0,5.0,5,"FY2018-19, FY2019-20, FY2022-23","Karnataka, Maharashtra","safe_drinking_water, sanitation",MCA records show CSR activity in water/sanitation sectors,MCA CSR Data Export,2026-09-04
352,88.05,L&T - MHI POWER BOILERS PRIVATE LIMITED,FY2022-23,3.8535735,2.5635735,1.29,2.0,1.0,3.0,4,"FY2020-21, FY2021-22, FY2022-23",Gujarat,"safe_drinking_water, sanitation",MCA records show CSR activity in water/sanitation sectors,MCA CSR Data Export,2026-09-04
353,87.88,CLEARCORP DEALING SYSTEMS (INDIA) LIMITED,FY2023-24,0.6962999999999999,0.6962999999999999,0.0,4.0,0.0,4.0,6,"FY2020-21, FY2021-22, FY2022-23, FY2023-24",Maharashtra,safe_drinking_water,MCA records show CSR activity in water/sanitation sectors,MCA CSR Data Export,2026-09-04
354,87.82,HONEYWELL AUTOMATION INDIA LIMITED,FY2020-21,6.24,6.24,0.0,4.0,0.0,4.0,5,"FY2017-18, FY2018-19, FY2019-20, FY2020-21","Pan India, Telangana",safe_drinking_water,MCA records show CSR activity in water/sanitation sectors,MCA CSR Data Export,2026-09-04
355,87.81,GIA INDIA LABORATORY PRIVATE LIMITED,FY2022-23,3.0673,3.0673,0.0,3.0,0.0,3.0,4,"FY2020-21, FY2021-22, FY2022-23","Gujarat, Madhya Pradesh, Maharashtra",safe_drinking_water,MCA records show CSR activity in water/sanitation sectors,MCA CSR Data Export,2026-09-04
356,87.77,HINDWARE LIMITED,FY2024-25,3.0680072,0.01357,3.0544372,1.0,4.0,5.0,9,"FY2021-22, FY2022-23, FY2023-24, FY2024-25","Bihar, Delhi, Kerala, Maharashtra, Pan India, Telangana, Uttarakhand","safe_drinking_water, sanitation",MCA records show CSR activity in water/sanitation sectors,MCA CSR Data Export,2026-09-04
357,87.71,MARGADARSI CHIT FUND PRIVATE LIMITED,FY2019-20,3.7454749,1.5412766,2.2041983,3.0,3.0,6.0,7,"FY2016-17, FY2017-18, FY2019-20","Andhra Pradesh, Telangana","safe_drinking_water, sanitation",MCA records show CSR activity in water/sanitation sectors,MCA CSR Data Export,2026-09-04
358,87.62,CG POWER AND INDUSTRIAL SOLUTIONS LIMITED,FY2024-25,2.8797597,0.71,2.1697597,1.0,1.0,2.0,3,"FY2017-18, FY2024-25",Maharashtra,"safe_drinking_water, sanitation",MCA records show CSR activity in water/sanitation sectors,MCA CSR Data Export,2026-09-04
359,87.58,NATCO PHARMA LIMITED,FY2024-25,0.59897,0.27897,0.32,2.0,2.0,4.0,5,"FY2017-18, FY2019-20, FY2024-25","Andhra Pradesh, Telangana","safe_drinking_water, sanitation",MCA records show CSR activity in water/sanitation sectors,MCA CSR Data Export,2026-09-04
360,87.55,GIC HOUSING FINANCE LIMITED,FY2024-25,0.68063875,0.2107622499999999,0.4698765,2.0,2.0,4.0,4,"FY2017-18, FY2021-22, FY2024-25","Kerala, Maharashtra, Pan India, West Bengal","safe_drinking_water, sanitation",MCA records show CSR activity in water/sanitation sectors,MCA CSR Data Export,2026-09-04
361,87.54,SCHREIBER DYNAMIX DAIRIES PRIVATE LIMITED,FY2024-25,0.4877379,0.4677379,0.02,3.0,1.0,4.0,4,"FY2016-17, FY2017-18, FY2024-25",Maharashtra,"safe_drinking_water, sanitation",MCA records show CSR activity in water/sanitation sectors,MCA CSR Data Export,2026-09-04
362,87.51,NESCO LIMITED,FY2022-23,2.6817,2.5717,0.11,2.0,1.0,3.0,3,"FY2019-20, FY2021-22, FY2022-23",Gujarat,"safe_drinking_water, sanitation",MCA records show CSR activity in water/sanitation sectors,MCA CSR Data Export,2026-09-04
363,87.46,KALYANI TECHNOFORGE LIMITED,FY2023-24,1.0526631699999998,0.0735,0.97916317,2.0,4.0,6.0,12,"FY2019-20, FY2020-21, FY2021-22, FY2022-23, FY2023-24",Maharashtra,"safe_drinking_water, sanitation",MCA records show CSR activity in water/sanitation sectors,MCA CSR Data Export,2026-09-04
364,87.38,RASHTRIYA CHEMICALS AND FERTILIZERS LIMITED,FY2019-20,2.6136,2.1475,0.4661,3.0,2.0,5.0,11,"FY2017-18, FY2018-19, FY2019-20",Maharashtra,"safe_drinking_water, sanitation",MCA records show CSR activity in water/sanitation sectors,MCA CSR Data Export,2026-09-04
365,87.31,HINDUJA GLOBAL SOLUTIONS LIMITED,FY2024-25,1.71,1.71,0.0,2.0,0.0,2.0,6,"FY2020-21, FY2024-25","Gujarat, Karnataka, Rajasthan, Uttarakhand",safe_drinking_water,MCA records show CSR activity in water/sanitation sectors,MCA CSR Data Export,2026-09-04
366,87.22,RASHTRIYA ISPAT NIGAM LTD,FY2022-23,2.9776977,0.06,2.9176977,1.0,6.0,7.0,9,"FY2015-16, FY2017-18, FY2018-19, FY2019-20, FY2020-21, FY2021-22, FY2022-23","Andhra Pradesh, Telangana","safe_drinking_water, sanitation",MCA records show CSR activity in water/sanitation sectors,MCA CSR Data Export,2026-09-04
367,87.16,TOYOTA BOSHOKU AUTOMOTIVE INDIA PRIVATE LIMITED,FY2022-23,0.9139433,0.9139433,0.0,4.0,0.0,4.0,6,"FY2018-19, FY2020-21, FY2021-22, FY2022-23","Karnataka, Tamil Nadu",safe_drinking_water,MCA records show CSR activity in water/sanitation sectors,MCA CSR Data Export,2026-09-04
368,87.15,GRANULES INDIA LIMITED,FY2022-23,1.0222605,0.6464605,0.3758,2.0,2.0,4.0,4,"FY2017-18, FY2020-21, FY2022-23","Andhra Pradesh, Telangana","safe_drinking_water, sanitation",MCA records show CSR activity in water/sanitation sectors,MCA CSR Data Export,2026-09-04
369,87.15,SUN PHARMA LABORATORIES LIMITED,FY2024-25,0.466005898,0.414005898,0.052,2.0,2.0,4.0,7,"FY2017-18, FY2018-19, FY2022-23, FY2024-25","Gujarat, Himachal Pradesh, Jammu And Kashmir, Maharashtra, Sikkim","safe_drinking_water, sanitation",MCA records show CSR activity in water/sanitation sectors,MCA CSR Data Export,2026-09-04
370,87.11,SUMITOMO CHEMICAL INDIA LIMITED,FY2024-25,0.5438000000000001,0.268,0.2758,1.0,3.0,4.0,4,"FY2019-20, FY2020-21, FY2024-25","Gujarat, Pan India","safe_drinking_water, sanitation",MCA records show CSR activity in water/sanitation sectors,MCA CSR Data Export,2026-09-04
371,87.09,POWERICA LIMITED,FY2024-25,0.75286,0.5908599999999999,0.1619999999999999,1.0,2.0,3.0,5,"FY2016-17, FY2024-25","Karnataka, Maharashtra, Rajasthan","safe_drinking_water, sanitation",MCA records show CSR activity in water/sanitation sectors,MCA CSR Data Export,2026-09-04
372,87.05,HPCL-MITTAL PIPELINES LIMITED,FY2023-24,0.4435023,0.2670023,0.1765,3.0,2.0,5.0,5,"FY2017-18, FY2020-21, FY2021-22, FY2022-23, FY2023-24","Gujarat, Punjab, Rajasthan","safe_drinking_water, sanitation",MCA records show CSR activity in water/sanitation sectors,MCA CSR Data Export,2026-09-04
373,87.05,WECKERLE COSMETICS INDIA PRIVATE LIMITED,FY2024-25,0.3026844,0.2770966,0.0255878,4.0,2.0,6.0,10,"FY2021-22, FY2022-23, FY2023-24, FY2024-25",Uttarakhand,"safe_drinking_water, sanitation",MCA records show CSR activity in water/sanitation sectors,MCA CSR Data Export,2026-09-04
374,87.04,B C MOHANTY AND SONS PVT LTD,FY2024-25,0.4481504,0.4481504,0.0,4.0,0.0,4.0,4,"FY2020-21, FY2021-22, FY2023-24, FY2024-25",Odisha,safe_drinking_water,MCA records show CSR activity in water/sanitation sectors,MCA CSR Data Export,2026-09-04
375,86.97,BEKEM INFRA PROJECTS PRIVATE LIMITED,FY2022-23,0.87912,0.84592,0.0332,3.0,1.0,4.0,4,"FY2018-19, FY2019-20, FY2020-21, FY2022-23","Karnataka, Telangana","safe_drinking_water, sanitation",MCA records show CSR activity in water/sanitation sectors,MCA CSR Data Export,2026-09-04
376,86.95,MAITHON POWER LIMITED,FY2020-21,3.3480872,3.3480872,0.0,4.0,0.0,4.0,4,"FY2017-18, FY2018-19, FY2019-20, FY2020-21",Jharkhand,safe_drinking_water,MCA records show CSR activity in water/sanitation sectors,MCA CSR Data Export,2026-09-04
377,86.93,NETAPP INDIA PRIVATE LIMITED,FY2022-23,1.3581276,0.3581276,1.0,1.0,3.0,4.0,4,"FY2019-20, FY2020-21, FY2021-22, FY2022-23",Karnataka,"safe_drinking_water, sanitation",MCA records show CSR activity in water/sanitation sectors,MCA CSR Data Export,2026-09-04
378,86.92,TATA INTERNATIONAL VEHICLE APPLICATIONS PRIVATE LIMITED,FY2024-25,0.6598917,0.0549344,0.6049573,1.0,4.0,5.0,9,"FY2021-22, FY2022-23, FY2023-24, FY2024-25","Maharashtra, Rajasthan","safe_drinking_water, sanitation",MCA records show CSR activity in water/sanitation sectors,MCA CSR Data Export,2026-09-04
379,86.88,ANDHRA PRADESH SOLAR POWER CORPORATION PRIVATE LIMITED,FY2023-24,1.072971,1.072971,0.0,3.0,0.0,3.0,14,"FY2019-20, FY2022-23, FY2023-24",Andhra Pradesh,safe_drinking_water,MCA records show CSR activity in water/sanitation sectors,MCA CSR Data Export,2026-09-04
380,86.86,BAXTER PHARMACEUTICALS INDIA PRIVATE LIMITED,FY2023-24,3.1700500000000003,3.1606,0.00945,1.0,1.0,2.0,2,"FY2019-20, FY2023-24",Gujarat,"safe_drinking_water, sanitation",MCA records show CSR activity in water/sanitation sectors,MCA CSR Data Export,2026-09-04
381,86.84,HIL LIMITED,FY2022-23,0.8509718000000001,0.1656,0.6853718,3.0,4.0,7.0,19,"FY2017-18, FY2018-19, FY2019-20, FY2022-23","Andhra Pradesh, Haryana, Himachal Pradesh, Jharkhand, Maharashtra, Odisha, Tamil Nadu, Telangana, Uttar Pradesh","safe_drinking_water, sanitation",MCA records show CSR activity in water/sanitation sectors,MCA CSR Data Export,2026-09-04
382,86.81,KOLORS INDIA PRIVATE LIMITED,FY2024-25,0.4507851,0.3736070999999999,0.077178,3.0,1.0,4.0,4,"FY2021-22, FY2023-24, FY2024-25",Pan India,"safe_drinking_water, sanitation",MCA records show CSR activity in water/sanitation sectors,MCA CSR Data Export,2026-09-04
383,86.8,MANGALORE REFINERY AND PETROCHEMICALSLIMITED,FY2020-21,9.7222,0.7331,8.9891,2.0,2.0,4.0,38,"FY2017-18, FY2020-21",Karnataka,"safe_drinking_water, sanitation",MCA records show CSR activity in water/sanitation sectors,MCA CSR Data Export,2026-09-04
384,86.77,GANGAVARAM PORT LIMITED,FY2021-22,0.9816,0.3196,0.662,6.0,6.0,12.0,16,"FY2016-17, FY2017-18, FY2018-19, FY2019-20, FY2020-21, FY2021-22",Andhra Pradesh,"safe_drinking_water, sanitation",MCA records show CSR activity in water/sanitation sectors,MCA CSR Data Export,2026-09-04
385,86.76,GATEWAY RAIL FREIGHT LIMITED,FY2019-20,1.99369655,1.9100935,0.08360305,4.0,1.0,5.0,9,"FY2016-17, FY2017-18, FY2018-19, FY2019-20","Gujarat, Haryana","safe_drinking_water, sanitation",MCA records show CSR activity in water/sanitation sectors,MCA CSR Data Export,2026-09-04
386,86.76,VISION SPONGE IRON PRIVATE LIMITED,FY2024-25,0.8659631999999999,0.1011,0.7648632,2.0,2.0,4.0,4,"FY2017-18, FY2022-23, FY2023-24, FY2024-25",West Bengal,"safe_drinking_water, sanitation",MCA records show CSR activity in water/sanitation sectors,MCA CSR Data Export,2026-09-04
387,86.74,NMDC LIMITED,FY2024-25,1.3871,1.3871,0.0,2.0,0.0,2.0,9,"FY2023-24, FY2024-25","Chhattisgarh, Karnataka, Madhya Pradesh",safe_drinking_water,MCA records show CSR activity in water/sanitation sectors,MCA CSR Data Export,2026-09-04
388,86.73,TRIVENI ENGINEERING AND INDUSTRIES LIMITED,FY2024-25,0.441278,0.381978,0.0593,3.0,1.0,4.0,5,"FY2021-22, FY2022-23, FY2024-25",Uttar Pradesh,"safe_drinking_water, sanitation",MCA records show CSR activity in water/sanitation sectors,MCA CSR Data Export,2026-09-04
389,86.71,SOUTH WEST PORT LIMITED,FY2024-25,1.705224725,0.015,1.690224725,1.0,5.0,6.0,7,"FY2018-19, FY2020-21, FY2021-22, FY2022-23, FY2023-24, FY2024-25",Goa,"safe_drinking_water, sanitation",MCA records show CSR activity in water/sanitation sectors,MCA CSR Data Export,2026-09-04
390,86.71,TOYOTA TSUSHO INSURANCE BROKER INDIA PRIVATE LIMITED,FY2024-25,0.4228908999999999,0.4228908999999999,0.0,4.0,0.0,4.0,4,"FY2021-22, FY2022-23, FY2023-24, FY2024-25",Karnataka,safe_drinking_water,MCA records show CSR activity in water/sanitation sectors,MCA CSR Data Export,2026-09-04
391,86.65,UTI INFRASTRUCTURE TECHNOLOGY AND SERVICES LIMITED,FY2024-25,0.8235118,0.3915118,0.432,1.0,2.0,3.0,5,"FY2021-22, FY2022-23, FY2024-25","Chhattisgarh, Madhya Pradesh, Maharashtra, West Bengal","safe_drinking_water, sanitation",MCA records show CSR activity in water/sanitation sectors,MCA CSR Data Export,2026-09-04
392,86.58,TATA CAPITAL HOUSING FINANCE LIMITED,FY2024-25,0.70747,0.512,0.19547,1.0,2.0,3.0,4,"FY2021-22, FY2022-23, FY2024-25","Karnataka, Maharashtra, Tamil Nadu","safe_drinking_water, sanitation",MCA records show CSR activity in water/sanitation sectors,MCA CSR Data Export,2026-09-04
393,86.53,UTILITY POWERTECH LIMITED,FY2023-24,0.3596616,0.3587616,0.0009,6.0,1.0,7.0,23,"FY2016-17, FY2017-18, FY2018-19, FY2020-21, FY2021-22, FY2023-24","Bihar, Chhattisgarh, Haryana, Madhya Pradesh, Maharashtra, Odisha, Pan India, Uttar Pradesh, West Bengal","safe_drinking_water, sanitation",MCA records show CSR activity in water/sanitation sectors,MCA CSR Data Export,2026-09-04
394,86.51,NEWSPACE INDIA LIMITED,FY2024-25,0.5438345,0.0621016999999999,0.4817328,2.0,4.0,6.0,9,"FY2021-22, FY2022-23, FY2023-24, FY2024-25","Andhra Pradesh, Karnataka, Tamil Nadu","safe_drinking_water, sanitation",MCA records show CSR activity in water/sanitation sectors,MCA CSR Data Export,2026-09-04
395,86.46,ALUMINIUM POWDER COMPANY LIMITED,FY2024-25,0.275478656,0.275478656,0.0,5.0,0.0,5.0,5,"FY2019-20, FY2020-21, FY2022-23, FY2023-24, FY2024-25",Tamil Nadu,safe_drinking_water,MCA records show CSR activity in water/sanitation sectors,MCA CSR Data Export,2026-09-04
396,86.37,CHETTINAD CEMENT CORPORATION PRIVATE LIMITED,FY2024-25,0.407720663,0.3877206629999999,0.02,3.0,1.0,4.0,10,"FY2022-23, FY2023-24, FY2024-25","Andhra Pradesh, Pan India, Tamil Nadu","safe_drinking_water, sanitation",MCA records show CSR activity in water/sanitation sectors,MCA CSR Data Export,2026-09-04
397,86.3,PARADEEP PHOSPHATES LTD,FY2024-25,1.50969628,0.1531816,1.35651468,1.0,2.0,3.0,5,"FY2018-19, FY2024-25","Goa, Odisha","safe_drinking_water, sanitation",MCA records show CSR activity in water/sanitation sectors,MCA CSR Data Export,2026-09-04
398,86.28,KOVAI MEDICAL CENTER AND HOSPITAL LIMITED,FY2024-25,2.1710807,0.0095665,2.1615142,1.0,5.0,6.0,13,"FY2017-18, FY2018-19, FY2019-20, FY2021-22, FY2022-23, FY2024-25",Tamil Nadu,"safe_drinking_water, sanitation",MCA records show CSR activity in water/sanitation sectors,MCA CSR Data Export,2026-09-04
399,86.24,MAA MAHAMAYA INDUSTRIES LIMITED,FY2024-25,0.6219,0.6219,0.0,3.0,0.0,3.0,3,"FY2022-23, FY2023-24, FY2024-25",Andhra Pradesh,safe_drinking_water,MCA records show CSR activity in water/sanitation sectors,MCA CSR Data Export,2026-09-04
400,86.23,TATA MOTORS PASSENGER VEHICLES LIMITED,FY2024-25,1.3333498,0.866985,0.4663648,1.0,1.0,2.0,2,FY2024-25,"Maharashtra, Uttar Pradesh","safe_drinking_water, sanitation",MCA records show CSR activity in water/sanitation sectors,MCA CSR Data Export,2026-09-04
401,86.22,NTPC-SAIL POWER COMPANY LIMITED,FY2024-25,3.1715,0.0278,3.1437,1.0,3.0,4.0,7,"FY2022-23, FY2023-24, FY2024-25",Chhattisgarh,"safe_drinking_water, sanitation",MCA records show CSR activity in water/sanitation sectors,MCA CSR Data Export,2026-09-04
402,86.21,HERMES DISTILLERY PRIVATE LIMITED,FY2024-25,1.17930776,1.17930776,0.0,2.0,0.0,2.0,2,"FY2019-20, FY2024-25",Karnataka,safe_drinking_water,MCA records show CSR activity in water/sanitation sectors,MCA CSR Data Export,2026-09-04
403,86.2,INTEL TECHNOLOGY INDIA PRIVATE LIMITED,FY2023-24,2.359125,2.302875,0.05625,1.0,1.0,2.0,4,FY2023-24,"Gujarat, Jharkhand, Karnataka, Odisha","safe_drinking_water, sanitation",MCA records show CSR activity in water/sanitation sectors,MCA CSR Data Export,2026-09-04
404,86.18,G4S SECURE SOLUTIONS (INDIA) PRIVATE LIMITED,FY2024-25,0.8610140000000001,0.027494,0.83352,1.0,6.0,7.0,8,"FY2018-19, FY2019-20, FY2021-22, FY2022-23, FY2023-24, FY2024-25","Haryana, Maharashtra","safe_drinking_water, sanitation",MCA records show CSR activity in water/sanitation sectors,MCA CSR Data Export,2026-09-04
405,86.18,WILO MATHER AND PLATT PUMPS PRIVATE LIMITED,FY2022-23,0.4787086,0.3987086,0.08,4.0,1.0,5.0,9,"FY2017-18, FY2018-19, FY2020-21, FY2022-23","Delhi, Madhya Pradesh, Maharashtra","safe_drinking_water, sanitation",MCA records show CSR activity in water/sanitation sectors,MCA CSR Data Export,2026-09-04
406,86.17,MINERAL EXPLORATION CORPORATION LIMITED,FY2020-21,0.925101448,0.8936,0.031501448,2.0,3.0,5.0,5,"FY2017-18, FY2018-19, FY2019-20, FY2020-21","Andhra Pradesh, Chhattisgarh, Odisha, Pan India","safe_drinking_water, sanitation",MCA records show CSR activity in water/sanitation sectors,MCA CSR Data Export,2026-09-04
407,86.15,STANDARD CHARTERED GLOBAL BUSINESS SERVICES PRIVATE LIMITED,FY2024-25,1.16586,1.16586,0.0,2.0,0.0,2.0,2,"FY2023-24, FY2024-25","Karnataka, Pan India",safe_drinking_water,MCA records show CSR activity in water/sanitation sectors,MCA CSR Data Export,2026-09-04
408,86.14,APARNA CONSTRUCTIONS AND ESTATES PRIVATE LIMITED,FY2022-23,9.437,9.437,0.0,2.0,0.0,2.0,2,"FY2021-22, FY2022-23",Telangana,safe_drinking_water,MCA records show CSR activity in water/sanitation sectors,MCA CSR Data Export,2026-09-04
409,86.14,VEM TECHNOLOGIES PRIVATE LIMITED,FY2024-25,1.2999,0.8475,0.4524,1.0,1.0,2.0,2,"FY2019-20, FY2024-25",Telangana,"safe_drinking_water, sanitation",MCA records show CSR activity in water/sanitation sectors,MCA CSR Data Export,2026-09-04
410,86.09,TOYOTA MATERIAL HANDLING INDIA PRIVATE LIMITED,FY2023-24,0.4725934,0.1549139,0.3176795,5.0,4.0,9.0,13,"FY2017-18, FY2018-19, FY2019-20, FY2022-23, FY2023-24","Haryana, Karnataka, Maharashtra, Tamil Nadu","safe_drinking_water, sanitation",MCA records show CSR activity in water/sanitation sectors,MCA CSR Data Export,2026-09-04
411,86.07,QUAKER CHEMICAL INDIA PRIVATE LIMITED,FY2023-24,0.35,0.3,0.05,6.0,1.0,7.0,7,"FY2017-18, FY2018-19, FY2019-20, FY2020-21, FY2021-22, FY2022-23, FY2023-24",West Bengal,"safe_drinking_water, sanitation",MCA records show CSR activity in water/sanitation sectors,MCA CSR Data Export,2026-09-04
412,86.06,FLDEC SYSTEMS PRIVATE LIMITED,FY2023-24,1.5981445,0.3226,1.2755445,1.0,2.0,3.0,3,"FY2021-22, FY2022-23, FY2023-24",Tamil Nadu,"safe_drinking_water, sanitation",MCA records show CSR activity in water/sanitation sectors,MCA CSR Data Export,2026-09-04
413,86.03,VISAKHA PHARMACITY LIMITED,FY2024-25,0.3826104999999999,0.3826104999999999,0.0,4.0,0.0,4.0,5,"FY2021-22, FY2022-23, FY2023-24, FY2024-25",Andhra Pradesh,safe_drinking_water,MCA records show CSR activity in water/sanitation sectors,MCA CSR Data Export,2026-09-04
414,86.0,EUREKA FORBES LTD,FY2020-21,2.1332,2.1332,0.0,4.0,0.0,4.0,4,"FY2017-18, FY2018-19, FY2019-20, FY2020-21","Maharashtra, Pan India",safe_drinking_water,MCA records show CSR activity in water/sanitation sectors,MCA CSR Data Export,2026-09-04
415,85.99,L&T VALVES LIMITED,FY2022-23,1.0793955,0.0886,0.9907955,2.0,3.0,5.0,7,"FY2016-17, FY2017-18, FY2018-19, FY2021-22, FY2022-23",Tamil Nadu,"safe_drinking_water, sanitation",MCA records show CSR activity in water/sanitation sectors,MCA CSR Data Export,2026-09-04
416,85.98,ROTORK CONTROLS (INDIA) PRIVATE LIMITED,FY2024-25,0.349,0.121,0.2279999999999999,3.0,2.0,5.0,6,"FY2022-23, FY2023-24, FY2024-25","Karnataka, Tamil Nadu","safe_drinking_water, sanitation",MCA records show CSR activity in water/sanitation sectors,MCA CSR Data Export,2026-09-04
417,85.96,GRAPHITE INDIA LIMITED,FY2024-25,0.469524,0.07,0.399524,2.0,3.0,5.0,7,"FY2016-17, FY2017-18, FY2020-21, FY2023-24, FY2024-25","Maharashtra, Pan India, West Bengal","safe_drinking_water, sanitation",MCA records show CSR activity in water/sanitation sectors,MCA CSR Data Export,2026-09-04
418,85.89,INDO- NATIONAL LIMITED,FY2024-25,0.2636721,0.2325914,0.0310807,6.0,1.0,7.0,15,"FY2017-18, FY2018-19, FY2019-20, FY2020-21, FY2021-22, FY2023-24, FY2024-25","Andhra Pradesh, Tamil Nadu","safe_drinking_water, sanitation",MCA records show CSR activity in water/sanitation sectors,MCA CSR Data Export,2026-09-04
419,85.86,SUVEN PHARMACEUTICALS LIMITED,FY2022-23,0.6946882999999999,0.6946882999999999,0.0,4.0,0.0,4.0,4,"FY2019-20, FY2020-21, FY2021-22, FY2022-23",Telangana,safe_drinking_water,MCA records show CSR activity in water/sanitation sectors,MCA CSR Data Export,2026-09-04
420,85.79,VOLVO GROUP INDIA PRIVATE LIMITED,FY2024-25,0.572001,0.572001,0.0,3.0,0.0,3.0,3,"FY2021-22, FY2023-24, FY2024-25",Karnataka,safe_drinking_water,MCA records show CSR activity in water/sanitation sectors,MCA CSR Data Export,2026-09-04
421,85.78,LOHIA CORP LIMITED,FY2022-23,0.7755796,0.4680556,0.307524,1.0,3.0,4.0,4,"FY2020-21, FY2021-22, FY2022-23",Uttar Pradesh,"safe_drinking_water, sanitation",MCA records show CSR activity in water/sanitation sectors,MCA CSR Data Export,2026-09-04
422,85.74,BORGWARNER MORSE SYSTEMS INDIA PRIVATE LIMITED,FY2024-25,0.5305774,0.1542031999999999,0.3763742,2.0,2.0,4.0,4,"FY2018-19, FY2021-22, FY2023-24, FY2024-25",Tamil Nadu,"safe_drinking_water, sanitation",MCA records show CSR activity in water/sanitation sectors,MCA CSR Data Export,2026-09-04
423,85.73,STEEL AUTHORITY OF INDIA LIMITED,FY2023-24,31.21,31.21,0.0,1.0,0.0,1.0,2,FY2023-24,Pan India,safe_drinking_water,MCA records show CSR activity in water/sanitation sectors,MCA CSR Data Export,2026-09-04
424,85.72,INDIA GAS SOLUTIONS PRIVATE LIMITED,FY2024-25,2.91285,2.91285,0.0,1.0,0.0,1.0,1,FY2024-25,Gujarat,safe_drinking_water,MCA records show CSR activity in water/sanitation sectors,MCA CSR Data Export,2026-09-04
425,85.65,MASTEK LIMITED,FY2024-25,0.5990122,0.12,0.4790122,1.0,3.0,4.0,5,"FY2022-23, FY2023-24, FY2024-25","Haryana, Maharashtra, Tamil Nadu","safe_drinking_water, sanitation",MCA records show CSR activity in water/sanitation sectors,MCA CSR Data Export,2026-09-04
426,85.62,DECCAN CEMENTS LIMITED,FY2024-25,0.3902962,0.0878232,0.302473,5.0,5.0,10.0,11,"FY2020-21, FY2021-22, FY2022-23, FY2023-24, FY2024-25",Telangana,"safe_drinking_water, sanitation",MCA records show CSR activity in water/sanitation sectors,MCA CSR Data Export,2026-09-04
427,85.59,GREEN GAS LIMITED,FY2023-24,0.7379877,0.0567876999999999,0.6812,2.0,3.0,5.0,7,"FY2018-19, FY2020-21, FY2022-23, FY2023-24",Uttar Pradesh,"safe_drinking_water, sanitation",MCA records show CSR activity in water/sanitation sectors,MCA CSR Data Export,2026-09-04
428,85.58,HOUSING DEVELOPMENT FINANCE CORPORATIONLIMITED,FY2020-21,25.36138,11.73,13.63138,1.0,2.0,3.0,3,"FY2017-18, FY2020-21",Pan India,"safe_drinking_water, sanitation",MCA records show CSR activity in water/sanitation sectors,MCA CSR Data Export,2026-09-04
429,85.56,JAI GIRIRAJ RICE AND AGRO MILLS PRIVATE LIMITED,FY2023-24,0.41,0.1699999999999999,0.24,3.0,4.0,7.0,7,"FY2020-21, FY2021-22, FY2022-23, FY2023-24",Madhya Pradesh,"safe_drinking_water, sanitation",MCA records show CSR activity in water/sanitation sectors,MCA CSR Data Export,2026-09-04
430,85.56,CHENNAI ENVIRO SOLUTIONS PRIVATE LIMITED,FY2024-25,0.381509,0.3020763999999999,0.0794326,3.0,1.0,4.0,6,"FY2022-23, FY2023-24, FY2024-25","Maharashtra, Tamil Nadu, Telangana, West Bengal","safe_drinking_water, sanitation",MCA records show CSR activity in water/sanitation sectors,MCA CSR Data Export,2026-09-04
431,85.51,MALLADI DRUGS AND PHARMACEUTICALS LIMITED,FY2023-24,0.7893899999999999,0.74691,0.04248,2.0,1.0,3.0,4,"FY2022-23, FY2023-24","Andhra Pradesh, Tamil Nadu","safe_drinking_water, sanitation",MCA records show CSR activity in water/sanitation sectors,MCA CSR Data Export,2026-09-04
432,85.51,AIA ENGINEERING LIMITED,FY2024-25,0.6,0.45,0.15,2.0,1.0,3.0,3,"FY2018-19, FY2023-24, FY2024-25",Gujarat,"safe_drinking_water, sanitation",MCA records show CSR activity in water/sanitation sectors,MCA CSR Data Export,2026-09-04
433,85.48,FRANKLIN TEMPLETON INTERNATIONAL SERVICES (INDIA )PRIVATE LIMITED,FY2022-23,1.268424,1.268424,0.0,3.0,0.0,3.0,4,"FY2019-20, FY2020-21, FY2022-23",Telangana,safe_drinking_water,MCA records show CSR activity in water/sanitation sectors,MCA CSR Data Export,2026-09-04
434,85.47,MEDICARE ENVIRONMENTAL MANAGEMENT PRIVATE LIMITED,FY2024-25,0.259226,0.2114049,0.0478211,4.0,1.0,5.0,9,"FY2021-22, FY2022-23, FY2023-24, FY2024-25","Karnataka, Punjab, Telangana, Uttar Pradesh, West Bengal","safe_drinking_water, sanitation",MCA records show CSR activity in water/sanitation sectors,MCA CSR Data Export,2026-09-04
435,85.44,NAVA BHARAT VENTURES LIMITED,FY2020-21,0.8021,0.6903,0.1118,5.0,3.0,8.0,16,"FY2016-17, FY2017-18, FY2018-19, FY2019-20, FY2020-21","Andhra Pradesh, Odisha, Telangana","safe_drinking_water, sanitation",MCA records show CSR activity in water/sanitation sectors,MCA CSR Data Export,2026-09-04
436,85.43,SHRI JAGANNATH STEELS & POWER LIMITED,FY2024-25,0.352875301,0.352875301,0.0,4.0,0.0,4.0,4,"FY2021-22, FY2022-23, FY2023-24, FY2024-25",Odisha,safe_drinking_water,MCA records show CSR activity in water/sanitation sectors,MCA CSR Data Export,2026-09-04
437,85.42,MITSUBISHI ELECTRIC INDIA PRIVATE LIMITED,FY2021-22,0.9726,0.9726,0.0,4.0,0.0,4.0,27,"FY2018-19, FY2019-20, FY2020-21, FY2021-22","Delhi, Gujarat, Haryana, Karnataka, Madhya Pradesh, Maharashtra, Punjab, Uttar Pradesh, West Bengal",safe_drinking_water,MCA records show CSR activity in water/sanitation sectors,MCA CSR Data Export,2026-09-04
438,85.39,SAPALA ORGANICS PRIVATE LIMITED,FY2024-25,0.5381182,0.5381182,0.0,3.0,0.0,3.0,4,"FY2022-23, FY2023-24, FY2024-25",Telangana,safe_drinking_water,MCA records show CSR activity in water/sanitation sectors,MCA CSR Data Export,2026-09-04
439,85.35,CHHATTISGARH STATE POWER GENERATION COMPANY LIMITED,FY2021-22,2.6016419,2.1216419,0.48,1.0,2.0,3.0,3,"FY2018-19, FY2019-20, FY2021-22",Chhattisgarh,"safe_drinking_water, sanitation",MCA records show CSR activity in water/sanitation sectors,MCA CSR Data Export,2026-09-04
440,85.31,MEWAR POLYTEX LIMITED,FY2024-25,0.5216593,0.5216593,0.0,3.0,0.0,3.0,3,"FY2022-23, FY2023-24, FY2024-25",Rajasthan,safe_drinking_water,MCA records show CSR activity in water/sanitation sectors,MCA CSR Data Export,2026-09-04
441,85.23,AG VENTURES LIMITED,FY2024-25,0.9585,0.8635,0.095,1.0,1.0,2.0,2,"FY2023-24, FY2024-25",Haryana,"safe_drinking_water, sanitation",MCA records show CSR activity in water/sanitation sectors,MCA CSR Data Export,2026-09-04
442,85.16,AFABLEZ SEMICONDUCTOR PRIVATE LIMITED,FY2023-24,0.7254878,0.7254878,0.0,3.0,0.0,3.0,3,"FY2021-22, FY2022-23, FY2023-24",Tamil Nadu,safe_drinking_water,MCA records show CSR activity in water/sanitation sectors,MCA CSR Data Export,2026-09-04
443,85.13,PREMSONS MOTOR UDYOG PRIVATE LIMITED,FY2024-25,0.901,0.901,0.0,2.0,0.0,2.0,2,"FY2023-24, FY2024-25",Jharkhand,safe_drinking_water,MCA records show CSR activity in water/sanitation sectors,MCA CSR Data Export,2026-09-04
444,85.13,BRANDIX APPAREL INDIA PRIVATE LIMITED,FY2024-25,0.6302092,0.0934272,0.536782,1.0,3.0,4.0,4,"FY2017-18, FY2020-21, FY2023-24, FY2024-25",Andhra Pradesh,"safe_drinking_water, sanitation",MCA records show CSR activity in water/sanitation sectors,MCA CSR Data Export,2026-09-04
445,85.1,NEKKANTI SEA FOODS LTD.,FY2023-24,0.4540579,0.4302569,0.023801,3.0,1.0,4.0,7,"FY2020-21, FY2021-22, FY2022-23, FY2023-24",Andhra Pradesh,"safe_drinking_water, sanitation",MCA records show CSR activity in water/sanitation sectors,MCA CSR Data Export,2026-09-04
446,85.07,POLYONE POLYMERS INDIA PRIVATE LIMITED,FY2022-23,0.4923165,0.2126695,0.279647,3.0,2.0,5.0,7,"FY2020-21, FY2021-22, FY2022-23",Maharashtra,"safe_drinking_water, sanitation",MCA records show CSR activity in water/sanitation sectors,MCA CSR Data Export,2026-09-04
447,85.05,HLL LIFECARE LIMITED,FY2024-25,0.82389398,0.0187134,0.80518058,1.0,5.0,6.0,23,"FY2015-16, FY2017-18, FY2022-23, FY2023-24, FY2024-25","Karnataka, Kerala, Tamil Nadu","safe_drinking_water, sanitation",MCA records show CSR activity in water/sanitation sectors,MCA CSR Data Export,2026-09-04
448,85.03,BOKARO POWER SUPPLY COMPANY PRIVATE LIMITED,FY2024-25,0.348635,0.089673,0.258962,4.0,3.0,7.0,7,"FY2019-20, FY2021-22, FY2022-23, FY2023-24, FY2024-25","Jharkhand, Pan India","safe_drinking_water, sanitation",MCA records show CSR activity in water/sanitation sectors,MCA CSR Data Export,2026-09-04
449,85.01,THE TRAVANCORE COCHIN CHEMICALS LIMITED,FY2023-24,1.5143091,1.5143091,0.0,2.0,0.0,2.0,2,"FY2022-23, FY2023-24",Kerala,safe_drinking_water,MCA records show CSR activity in water/sanitation sectors,MCA CSR Data Export,2026-09-04
450,84.97,GLENMARK LIFE SCIENCES LIMITED,FY2022-23,3.3770320000000003,3.3770320000000003,0.0,2.0,0.0,2.0,4,"FY2021-22, FY2022-23","Gujarat, Maharashtra",safe_drinking_water,MCA records show CSR activity in water/sanitation sectors,MCA CSR Data Export,2026-09-04
451,84.95,KARNATAKA SOAPS AND DETERGENTS LIMITED,FY2019-20,3.3621676,3.2621676,0.1,3.0,1.0,4.0,7,"FY2017-18, FY2018-19, FY2019-20",Karnataka,"safe_drinking_water, sanitation",MCA records show CSR activity in water/sanitation sectors,MCA CSR Data Export,2026-09-04
452,84.94,TD POWER SYSTEMS LIMITED,FY2024-25,1.045,0.13,0.915,1.0,2.0,3.0,3,"FY2017-18, FY2018-19, FY2024-25",Karnataka,"safe_drinking_water, sanitation",MCA records show CSR activity in water/sanitation sectors,MCA CSR Data Export,2026-09-04
453,84.94,AJINOMOTO BIO-PHARMA SERVICES INDIA PRIVATE LIMITED,FY2023-24,0.311067707,0.244900207,0.0661675,4.0,1.0,5.0,5,"FY2019-20, FY2021-22, FY2022-23, FY2023-24",Andhra Pradesh,"safe_drinking_water, sanitation",MCA records show CSR activity in water/sanitation sectors,MCA CSR Data Export,2026-09-04
454,84.87,HAFELE INDIA PRIVATE LIMITED,FY2022-23,0.9459668,0.2208368,0.72513,1.0,3.0,4.0,4,"FY2020-21, FY2021-22, FY2022-23","Maharashtra, Pan India","safe_drinking_water, sanitation",MCA records show CSR activity in water/sanitation sectors,MCA CSR Data Export,2026-09-04
455,84.83,HINDUSTAN GUM AND CHEMICALS LIMITED,FY2022-23,0.4920065,0.1970065,0.295,5.0,3.0,8.0,8,"FY2016-17, FY2017-18, FY2020-21, FY2021-22, FY2022-23","Gujarat, Haryana","safe_drinking_water, sanitation",MCA records show CSR activity in water/sanitation sectors,MCA CSR Data Export,2026-09-04
456,84.81,SESA MINING CORPORATION LIMITED,FY2023-24,0.2915440969999999,0.2815440969999999,0.01,4.0,2.0,6.0,6,"FY2016-17, FY2017-18, FY2018-19, FY2021-22, FY2022-23, FY2023-24","Andhra Pradesh, Goa","safe_drinking_water, sanitation",MCA records show CSR activity in water/sanitation sectors,MCA CSR Data Export,2026-09-04
457,84.76,TITAN COMPANY LIMITED,FY2019-20,3.92,1.46,2.46,1.0,3.0,4.0,6,"FY2016-17, FY2017-18, FY2018-19, FY2019-20","Tamil Nadu, Uttarakhand","safe_drinking_water, sanitation",MCA records show CSR activity in water/sanitation sectors,MCA CSR Data Export,2026-09-04
458,84.74,IFFCO-MC CROP SCIENCE PRIVATE LIMITED,FY2024-25,0.4914501,0.4914501,0.0,3.0,0.0,3.0,3,"FY2021-22, FY2023-24, FY2024-25",Uttar Pradesh,safe_drinking_water,MCA records show CSR activity in water/sanitation sectors,MCA CSR Data Export,2026-09-04
459,84.73,K B SAHA & SONS INDUSTRIES PRIVATE LIMITED,FY2024-25,0.4908744,0.4908744,0.0,3.0,0.0,3.0,3,"FY2022-23, FY2023-24, FY2024-25",West Bengal,safe_drinking_water,MCA records show CSR activity in water/sanitation sectors,MCA CSR Data Export,2026-09-04
460,84.72,CESC LTD,FY2021-22,1.9414163,1.9414163,0.0,3.0,0.0,3.0,8,"FY2018-19, FY2019-20, FY2021-22",West Bengal,safe_drinking_water,MCA records show CSR activity in water/sanitation sectors,MCA CSR Data Export,2026-09-04
461,84.72,KARNATAKA RURAL INFRASTRUCTURE DEVELOPMENT LIMITED,FY2023-24,1.9,0.15,1.75,2.0,1.0,3.0,3,"FY2020-21, FY2022-23, FY2023-24",Karnataka,"safe_drinking_water, sanitation",MCA records show CSR activity in water/sanitation sectors,MCA CSR Data Export,2026-09-04
462,84.68,METSIL EXPORTS . LTD.,FY2024-25,0.8139993999999999,0.8139993999999999,0.0,2.0,0.0,2.0,3,"FY2023-24, FY2024-25",West Bengal,safe_drinking_water,MCA records show CSR activity in water/sanitation sectors,MCA CSR Data Export,2026-09-04
463,84.64,AMERICAN EXPRESS(INDIA) PRIVATE LIMITED,FY2024-25,1.900375,1.900375,0.0,1.0,0.0,1.0,1,FY2024-25,Karnataka,safe_drinking_water,MCA records show CSR activity in water/sanitation sectors,MCA CSR Data Export,2026-09-04
464,84.54,APL METALS LIMITED,FY2023-24,0.4295,0.3725,0.057,3.0,1.0,4.0,4,"FY2018-19, FY2020-21, FY2021-22, FY2023-24","Pan India, West Bengal","safe_drinking_water, sanitation",MCA records show CSR activity in water/sanitation sectors,MCA CSR Data Export,2026-09-04
465,84.5,BMW INDIA LEASING PRIVATE LIMITED,FY2020-21,1.27379041,1.27379041,0.0,4.0,0.0,4.0,6,"FY2017-18, FY2018-19, FY2019-20, FY2020-21","Delhi, Haryana",safe_drinking_water,MCA records show CSR activity in water/sanitation sectors,MCA CSR Data Export,2026-09-04
466,84.5,D. S. KNIT INDUSTRY PRIVATE LIMITED,FY2024-25,0.7314992,0.0163975,0.7151017000000001,2.0,4.0,6.0,7,"FY2021-22, FY2022-23, FY2023-24, FY2024-25","Pan India, West Bengal","safe_drinking_water, sanitation",MCA records show CSR activity in water/sanitation sectors,MCA CSR Data Export,2026-09-04
467,84.46,TAMILNADU PETROPRODUCTS LIMITED,FY2022-23,0.948,0.0591,0.8889,1.0,4.0,5.0,5,"FY2018-19, FY2019-20, FY2020-21, FY2021-22, FY2022-23",Tamil Nadu,"safe_drinking_water, sanitation",MCA records show CSR activity in water/sanitation sectors,MCA CSR Data Export,2026-09-04
468,84.34,XEBIA IT ARCHITECTS INDIA PRIVATE LIMITED,FY2023-24,1.2280128,1.2280128,0.0,2.0,0.0,2.0,5,"FY2022-23, FY2023-24","Haryana, Maharashtra",safe_drinking_water,MCA records show CSR activity in water/sanitation sectors,MCA CSR Data Export,2026-09-04
469,84.31,SANOFI CONSUMER HEALTHCARE INDIA LIMITED,FY2023-24,4.2025,4.2025,0.0,1.0,0.0,1.0,1,FY2023-24,Maharashtra,safe_drinking_water,MCA records show CSR activity in water/sanitation sectors,MCA CSR Data Export,2026-09-04
470,84.28,EASTMAN AUTO & POWER LIMITED,FY2024-25,0.2183706,0.2183706,0.0,6.0,0.0,6.0,7,"FY2015-16, FY2017-18, FY2019-20, FY2021-22, FY2022-23, FY2024-25","Himachal Pradesh, Pan India",safe_drinking_water,MCA records show CSR activity in water/sanitation sectors,MCA CSR Data Export,2026-09-04
471,84.27,NABFINS LIMITED,FY2023-24,1.17279,0.0196,1.15319,3.0,4.0,7.0,17,"FY2019-20, FY2020-21, FY2021-22, FY2022-23, FY2023-24","Chhattisgarh, Karnataka, Kerala, Maharashtra, Odisha, Tamil Nadu","safe_drinking_water, sanitation",MCA records show CSR activity in water/sanitation sectors,MCA CSR Data Export,2026-09-04
472,84.23,ARCELORMITTAL NIPPON STEEL INDIA PRIVATE LIMITED,FY2024-25,1.6676815,1.6676815,0.0,1.0,0.0,1.0,6,FY2024-25,"Chhattisgarh, Haryana, Odisha",safe_drinking_water,MCA records show CSR activity in water/sanitation sectors,MCA CSR Data Export,2026-09-04
473,84.15,KUTCH RAILWAY COMPANY LIMITED,FY2023-24,0.69484,0.038,0.65684,1.0,4.0,5.0,5,"FY2019-20, FY2020-21, FY2022-23, FY2023-24","Gujarat, Punjab","safe_drinking_water, sanitation",MCA records show CSR activity in water/sanitation sectors,MCA CSR Data Export,2026-09-04
474,84.15,TANJORE POWER PRIVATE LIMITED,FY2024-25,0.4508797,0.4508797,0.0,3.0,0.0,3.0,3,"FY2022-23, FY2023-24, FY2024-25",Andhra Pradesh,safe_drinking_water,MCA records show CSR activity in water/sanitation sectors,MCA CSR Data Export,2026-09-04
475,84.07,OM JEWELLERS PRIVATE LIMITED,FY2024-25,0.5590341,0.2500841,0.30895,2.0,1.0,3.0,7,"FY2023-24, FY2024-25",Maharashtra,"safe_drinking_water, sanitation",MCA records show CSR activity in water/sanitation sectors,MCA CSR Data Export,2026-09-04
476,84.06,AROHAN FINANCIAL SERVICES LIMITED,FY2020-21,1.30749,0.7521283,0.5553617,2.0,2.0,4.0,5,"FY2016-17, FY2017-18, FY2019-20, FY2020-21","Jharkhand, Pan India, West Bengal","safe_drinking_water, sanitation",MCA records show CSR activity in water/sanitation sectors,MCA CSR Data Export,2026-09-04
477,84.04,DDP SPECIALITY PRODUCTS INDIA PRIVATE LIMITED,FY2024-25,0.313602354,0.250001519,0.063600835,2.0,2.0,4.0,4,"FY2019-20, FY2022-23, FY2024-25","Maharashtra, Tamil Nadu, Telangana","safe_drinking_water, sanitation",MCA records show CSR activity in water/sanitation sectors,MCA CSR Data Export,2026-09-04
478,84.03,ATRIA CONVERGENCE TECHNOLOGIES LIMITED,FY2020-21,0.7090000000000001,0.384,0.325,4.0,2.0,6.0,6,"FY2016-17, FY2017-18, FY2019-20, FY2020-21","Karnataka, Pan India","safe_drinking_water, sanitation",MCA records show CSR activity in water/sanitation sectors,MCA CSR Data Export,2026-09-04
479,84.02,MEGHA ENGINEERING & INFRASTRUCTURES LIMITED,FY2021-22,2.657,0.5,2.157,1.0,2.0,3.0,4,"FY2016-17, FY2017-18, FY2021-22","Rajasthan, Telangana","safe_drinking_water, sanitation",MCA records show CSR activity in water/sanitation sectors,MCA CSR Data Export,2026-09-04
480,84.02,TATA AUTOCOMP HENDRICKSON SUSPENSIONS PRIVATE LIMITED,FY2024-25,0.447,0.447,0.0,3.0,0.0,3.0,3,"FY2022-23, FY2023-24, FY2024-25",Maharashtra,safe_drinking_water,MCA records show CSR activity in water/sanitation sectors,MCA CSR Data Export,2026-09-04
481,84.01,L&T TECHNOLOGY SERVICES LIMITED,FY2023-24,1.16,1.0,0.16,1.0,1.0,2.0,2,"FY2017-18, FY2023-24","Karnataka, Pan India","safe_drinking_water, sanitation",MCA records show CSR activity in water/sanitation sectors,MCA CSR Data Export,2026-09-04
482,84.0,TOYO ENGINEERING INDIA PRIVATE LIMITED,FY2023-24,0.5423526000000001,0.17,0.3723526,2.0,2.0,4.0,6,"FY2017-18, FY2018-19, FY2020-21, FY2023-24","Maharashtra, Rajasthan, Uttar Pradesh","safe_drinking_water, sanitation",MCA records show CSR activity in water/sanitation sectors,MCA CSR Data Export,2026-09-04
483,83.97,HINDUJA RENEWABLES ENERGY PRIVATE LIMITED,FY2024-25,0.2989,0.2989,0.0,4.0,0.0,4.0,5,"FY2019-20, FY2020-21, FY2023-24, FY2024-25","Maharashtra, Pan India, Rajasthan, Tamil Nadu",safe_drinking_water,MCA records show CSR activity in water/sanitation sectors,MCA CSR Data Export,2026-09-04
484,83.89,BAYER SCIENCE AND INNOVATION PRIVATE LIMITED,FY2024-25,1.4465,1.4465,0.0,1.0,0.0,1.0,1,FY2024-25,Karnataka,safe_drinking_water,MCA records show CSR activity in water/sanitation sectors,MCA CSR Data Export,2026-09-04
485,83.88,GLOBAL COAL AND MINING PRIVATE LIMITED,FY2023-24,0.3926445,0.3344258,0.0582187,2.0,2.0,4.0,5,"FY2016-17, FY2020-21, FY2021-22, FY2023-24",Odisha,"safe_drinking_water, sanitation",MCA records show CSR activity in water/sanitation sectors,MCA CSR Data Export,2026-09-04
486,83.86,MS SOLVEX PRIVATE LIMITED,FY2024-25,0.43472268,0.43472268,0.0,3.0,0.0,3.0,3,"FY2022-23, FY2023-24, FY2024-25",Madhya Pradesh,safe_drinking_water,MCA records show CSR activity in water/sanitation sectors,MCA CSR Data Export,2026-09-04
487,83.81,THE TATA POWER COMPANY LIMITED,FY2019-20,2.09,1.74,0.35,3.0,1.0,4.0,4,"FY2017-18, FY2018-19, FY2019-20",Maharashtra,"safe_drinking_water, sanitation",MCA records show CSR activity in water/sanitation sectors,MCA CSR Data Export,2026-09-04
488,83.8,RAMKY INFRASTRUCTURE LIMITED,FY2023-24,0.6819999999999999,0.382,0.3,2.0,1.0,3.0,3,"FY2021-22, FY2022-23, FY2023-24","Andhra Pradesh, Pan India","safe_drinking_water, sanitation",MCA records show CSR activity in water/sanitation sectors,MCA CSR Data Export,2026-09-04
489,83.8,REGENCY NIRMAN LIMITED,FY2024-25,0.2075,0.2075,0.0,5.0,0.0,5.0,5,"FY2020-21, FY2021-22, FY2022-23, FY2023-24, FY2024-25",Maharashtra,safe_drinking_water,MCA records show CSR activity in water/sanitation sectors,MCA CSR Data Export,2026-09-04
490,83.77,GE INDIA INDUSTRIAL PRIVATE LIMITED,FY2023-24,1.05,1.05,0.0,2.0,0.0,2.0,2,"FY2018-19, FY2023-24","Andhra Pradesh, Karnataka",safe_drinking_water,MCA records show CSR activity in water/sanitation sectors,MCA CSR Data Export,2026-09-04
491,83.75,GROB MACHINE TOOLS (INDIA) PRIVATE LIMITED,FY2024-25,0.4262298,0.4262298,0.0,3.0,0.0,3.0,3,"FY2019-20, FY2020-21, FY2024-25",Andhra Pradesh,safe_drinking_water,MCA records show CSR activity in water/sanitation sectors,MCA CSR Data Export,2026-09-04
492,83.74,Housing Development Finance Corporation Limited,FY2016-17,36.43,23.82,12.61,2.0,3.0,5.0,5,"FY2014-15, FY2015-16, FY2016-17",Pan India,"safe_drinking_water, sanitation",MCA records show CSR activity in water/sanitation sectors,MCA CSR Data Export,2026-09-04
493,83.74,WESTBURY HOSPITALITY PRIVATE LIMITED,FY2024-25,0.6836967569999999,0.6836967569999999,0.0,2.0,0.0,2.0,2,"FY2023-24, FY2024-25",Maharashtra,safe_drinking_water,MCA records show CSR activity in water/sanitation sectors,MCA CSR Data Export,2026-09-04
494,83.72,WOCKHARDT LIMITED,FY2018-19,5.609999999999999,0.27,5.34,3.0,2.0,5.0,5,"FY2016-17, FY2017-18, FY2018-19","Maharashtra, Pan India, Tamil Nadu","safe_drinking_water, sanitation",MCA records show CSR activity in water/sanitation sectors,MCA CSR Data Export,2026-09-04
495,83.7,SAINT-GOBAIN INDIA PRIVATE LIMITED,FY2021-22,5.862,5.862,0.0,2.0,0.0,2.0,2,"FY2019-20, FY2021-22","Andhra Pradesh, Rajasthan",safe_drinking_water,MCA records show CSR activity in water/sanitation sectors,MCA CSR Data Export,2026-09-04
496,83.68,Central Coalfields Limited,FY2016-17,45.23,9.97,35.26,3.0,3.0,6.0,8,"FY2014-15, FY2015-16, FY2016-17","Jharkhand, Pan India","safe_drinking_water, sanitation",MCA records show CSR activity in water/sanitation sectors,MCA CSR Data Export,2026-09-04
497,83.61,CLEAN MAX ENVIRO ENERGY SOLUTIONS LIMITED,FY2024-25,1.3174972,1.3174972,0.0,1.0,0.0,1.0,3,FY2024-25,"Gujarat, Maharashtra",safe_drinking_water,MCA records show CSR activity in water/sanitation sectors,MCA CSR Data Export,2026-09-04
498,83.61,AUTOGEN INDIA PRIVATE LIMITED,FY2024-25,0.67406,0.67406,0.0,2.0,0.0,2.0,2,"FY2023-24, FY2024-25",Maharashtra,safe_drinking_water,MCA records show CSR activity in water/sanitation sectors,MCA CSR Data Export,2026-09-04
499,83.56,L&T GEOSTRUCTURE PRIVATE LIMITED,FY2024-25,0.4542973,0.3214057,0.1328916,2.0,1.0,3.0,6,"FY2022-23, FY2024-25","Assam, Gujarat, Tamil Nadu","safe_drinking_water, sanitation",MCA records show CSR activity in water/sanitation sectors,MCA CSR Data Export,2026-09-04
500,83.5,INDUS COFFEE PRIVATE LIMITED,FY2024-25,0.6579881999999999,0.6579881999999999,0.0,2.0,0.0,2.0,2,"FY2023-24, FY2024-25",Andhra Pradesh,safe_drinking_water,MCA records show CSR activity in water/sanitation sectors,MCA CSR Data Export,2026-09-04
